no[#]	date_a	time_a	date_b	time_b	PA_a[deg]	PA_b[deg]	clong a[deg]	clong b[deg]	hlong a[deg]	hlong b[deg]	angle e-a[deg]	angle b-e[deg]	angle b-a[deg]
1	2007-01-09	00:02:40	2007-01-09	*	45	*	353.555	353.415	0.219	0.079	0.251	0.103	0.150
2	2007-01-15	12:02:40	2007-01-15	*	315	*	268.009	267.751	0.266	0.008	0.298	0.043	0.274
3	2007-01-19	05:02:40	2007-01-19	05:02:44	0/360	45/215	219.214	218.872	0.298	-0.044	0.328	0.048	*
4	2007-01-24	06:02:40	2007-01-24	*	90	*	152.885	152.418	0.350	-0.118	0.378	0.140	0.516
5	2007-01-24	15:02:40	2007-01-24	15:02:46	90	90	147.952	147.477	0.354	-0.121	0.382	0.147	*
6	2007-01-28	05:02:40	2007-01-28	*	90	*	100.817	100.295	0.398	-0.123	0.424	0.173	0.585
7	2007-01-30	11:02:40	2007-01-30	12:02:48	270	270	71.223	70.679	0.430	-0.115	0.453	0.171	*
8	2007-02-02	02:02:40	2007-02-02	*	90	*	36.700	36.128	0.469	-0.103	0.490	0.163	0.633
9	2007-02-09	17:02:40	2007-02-09	*	90	*	296.435	295.750	0.601	-0.084	0.615	0.130	0.725
10	2007-02-11	15:02:40	2007-02-11	18:02:52	225	225	271.235	270.513	0.638	-0.084	0.650	0.124	*
11	2007-02-12	11:02:40	2007-02-12	*	90	*	260.279	259.540	0.654	-0.085	0.666	0.121	0.770
12	2007-02-17	15:02:40	2007-02-17	15:02:54	90/135	90	192.357	191.495	0.764	-0.098	0.772	0.114	*
13	2007-02-19	16:02:40	2007-02-19	17:02:55	90	90	165.519	164.601	0.812	-0.107	0.817	*	*
14	2007-02-20	20:02:40	2007-02-20	20:02:55	270	270	150.184	149.231	0.840	-0.113	0.844	*	*
15	2007-02-24	14:02:40	2007-02-24	15:02:56	90	90	100.894	99.821	0.937	-0.136	0.938	*	*
16	2007-03-05	02:27:00	2007-03-05	*	315	*	348.954	347.550	1.194	-0.210	1.188	0.210	*
17	2007-03-05	15:57:00	2007-03-05	*	45	*	341.562	340.133	1.212	-0.217	1.206	0.217	*
18	2007-03-07	07:27:00	2007-03-07	*	270	*	319.933	318.429	1.268	-0.236	1.261	0.237	*
19	2007-03-09	19:02:40	2007-03-09	*	270	*	287.308	285.685	1.355	-0.268	1.346	0.271	*
20	2007-03-12	00:02:40	2007-03-12	00:03:01	90	90	258.289	256.554	1.436	-0.299	1.426	*	*
21	2007-03-15	18:02:40	2007-03-15	14:03:03	270	270	211.192	209.262	1.573	-0.357	1.562	*	*
22	2007-03-20	14:57:00	2007-03-20	*	225	*	144.998	142.765	1.781	-0.452	1.767	0.464	*
23	2007-03-21	05:57:00	2007-03-21	04:57:25	90	90	137.333	135.063	1.806	-0.464	1.792	*	*
24	2007-03-27	14:27:00	2007-03-27	15:27:27	225	225	137.333	135.063	1.806	-0.464	1.792	0.477	*
25	2007-03-31	09:52:30	2007-03-31	09:52:58	270	270	3.238	0.245	2.290	-0.703	2.277	0.724	2.985
26	2007-04-03	03:52:30	2007-04-03	05:23:00	225	225	327.102	323.890	2.435	-0.777	2.422	0.801	3.207
27	2007-04-10	03:52:30	2007-04-10	05:23:02	270	270	235.117	231.298	2.827	-0.991	2.818	*	*
28	2007-04-14	17:22:30	2007-04-14	17:23:04	270	270	175.160	170.909	3.100	-1.151	3.095	1.184	*
29	2007-04-17	12:22:30	2007-04-17	12:23:05	135	135	138.473	133.943	3.274	-1.256	3.271	1.292	4.549
30	2007-04-18	22:52:30	2007-04-18	*	90	*	119.582	114.903	3.366	-1.313	3.365	1.350	*
31	2007-05-01	11:22:30	2007-05-01	*	90	*	315.030	308.935	4.232	-1.862	4.249	1.911	*
32	2007-05-06	01:52:30	2007-05-06	02:23:13	90	90	254.518	247.847	4.580	-2.092	4.604	2.145	6.738
33	2007-05-07	16:22:30	2007-05-07	17:53:14	90	90	233.435	226.555	4.704	-2.175	4.731	*	*
34	2007-05-08	06:52:30	2007-05-08	07:23:14	90	90	225.494	218.536	4.751	-2.207	4.779	*	*
35	2007-05-09	04:22:30	2007-05-09	04:53:14	90	90	213.720	206.643	4.821	-2.256	4.851	2.312	7.153
36	2007-05-09	16:22:30	2007-05-09	16:23:14	270	270	207.149	200.005	4.861	-2.283	4.891	2.340	*
37	2007-05-14	16:22:30	2007-05-14	15:53:16	45	45	141.699	133.873	5.262	-2.564	5.301	2.626	7.919
38	2007-05-15	19:22:30	2007-05-15	20:23:17	45	45	126.649	118.661	5.356	-2.632	5.397	2.695	8.084
39	2007-05-20	07:52:30	2007-05-20	08:53:19	180	225	67.233	58.589	5.736	-2.908	5.785	2.976	8.753
40	2007-05-21	19:22:30	2007-05-21	18:53:19	90	90	48.058	39.197	5.861	-3.000	5.913	3.069	8.975
41	2007-05-22	16:22:30	2007-05-22	16:53:19	270	270	36.294	27.297	5.939	-3.057	5.992	3.127	9.112
42	2007-05-23	08:22:30	2007-05-23	08:53:20	270	270	27.532	18.435	5.997	-3.100	6.051	3.171	9.215
43	2007-05-23	08:22:30	2007-05-23	22:23:20	45	45	27.532	18.435	5.997	-3.100	6.051	3.171	*
44	2007-05-26	21:52:30	2007-05-26	21:53:21	270	270	340.714	331.066	6.313	-3.335	6.372	3.408	9.774
45	2007-05-30	01:22:30	2007-05-30	01:23:22	90	90	299.373	289.226	6.599	-3.549	6.662	3.625	10.281
46	2007-06-02	00:52:30	2007-06-02	01:53:23	90	90	260.224	249.592	6.875	-3.758	6.941	3.836	*
47	2007-06-02	04:22:30	2007-06-02	*	270	*	258.308	247.651	6.888	-3.768	6.955	3.846	*
48	2007-06-03	10:22:30	2007-06-03	10:53:23	90	90	241.882	231.019	7.006	-3.858	7.074	3.937	11.005
49	2007-06-04	21:22:30	2007-06-05	03:23:24	270	270	222.719	211.612	7.143	-3.964	7.212	4.044	*
50	2007-06-07	20:22:30	2007-06-07	21:23:25	225	225	183.847	172.238	7.425	-4.185	7.497	4.266	11.758
51	2007-06-10	10:22:30	2007-06-10	10:53:26	135	135	149.905	137.848	7.674	-4.383	7.747	*	*
52	2007-06-12	03:52:30	2007-06-12	06:53:26	45	45	127.186	114.826	7.843	-4.518	7.916	4.601	12.513
53	2007-06-17	07:52:30	2007-06-17	07:53:28	270	270	59.309	46.021	8.352	-4.936	8.425	*	*
54	2007-06-19	15:22:30	2007-06-19	16:23:28	270	270	28.932	15.219	8.584	-5.128	8.656	*	*
55	2007-06-27	05:52:30	2007-06-27	12:53:30	225	225	289.053	273.908	9.362	-5.784	9.426	5.863	*
56	2007-06-29	17:52:30	2007-06-29	23:53:30	270	270	256.221	240.593	9.622	-6.007	9.682	6.084	*
57	2007-06-30	05:22:30	2007-06-30	12:53:31	315	315	249.928	234.207	9.672	-6.050	9.731	*	*
58	2007-07-04	12:22:30	2007-07-04	13:23:31	90	90	193.572	177.008	10.122	-6.442	10.172	*	*
59	2007-07-08	05:52:30	2007-07-08	06:53:32	90	90	144.608	127.300	10.515	-6.793	10.556	6.860	*
60	2007-07-08	20:22:30	2007-07-08	21:23:32	90	90	136.676	119.246	10.579	-6.851	10.618	6.917	17.534
61	2007-07-09	06:52:30	2007-07-09	*	45	*	130.932	113.414	10.625	-6.893	10.663	6.958	17.620
62	2007-07-10	00:22:30	2007-07-10	*	45	*	121.359	103.694	10.702	-6.963	10.738	7.027	17.764
63	2007-07-11	09:52:30	2007-07-11	13:53:32	90	90	103.034	85.086	10.849	-7.098	10.882	7.160	*
64	2007-07-16	13:52:30	2007-07-16	*	90	*	35.209	16.206	11.394	-7.609	11.411	7.660	*
65	2007-07-18	18:52:30	2007-07-18	*	270	*	6.222	346.764	11.628	-7.831	11.636	7.877	*
66	2007-07-29	02:22:30	2007-07-29	02:23:34	270	270	230.877	209.269	12.714	-8.894	12.684	*	*
67	2007-07-30	05:22:30	2007-07-30	05:53:34	270	270	216.114	194.270	12.832	-9.012	12.797	*	*
68	2007-08-02	20:22:30	2007-08-02	20:22:30	90	90	168.545	145.940	13.208	-9.397	13.160	*	*
69	2007-08-08	16:52:30	2007-08-08	17:22:30	90	90	91.728	67.895	13.805	-10.029	13.734	10.016	23.750
70	2007-08-18	18:52:30	2007-08-18	*	0	*	319.423	293.489	14.793	-11.141	14.689	11.095	25.784
71	2007-08-21	08:52:30	2007-08-21	10:53:33	270	270	285.526	259.060	15.037	-11.428	14.927	11.373	26.300
72	2007-08-24	04:22:30	2007-08-24	*	90	*	248.621	221.581	15.299	-11.741	15.182	11.678	*
73	2007-08-27	11:53:32	2007-08-27	09:22:30	45	45	206.521	178.832	15.591	-12.098	15.469	12.025	27.494
74	2007-08-31	21:52:30	2007-08-31	22:53:31	225	225	147.195	118.603	15.991	-12.601	15.863	12.516	28.379
75	2007-09-19	08:22:30	2007-09-19	14:53:27	225	225	265.174	233.099	17.436	-14.639	17.325	*	*
76	2007-09-24	14:22:30	2007-09-24	14:23:26	45	45	196.234	163.237	17.794	-15.203	17.698	15.087	32.785
77	2007-10-04	21:22:30	2007-10-04	*	90	*	61.048	26.350	18.423	-16.274	18.371	16.171	*
78	2007-10-08	17:22:30	2007-10-08	16:53:22	270	270	10.946	335.654	18.631	-16.661	18.598	16.566	35.164
79	2007-10-11	09:52:50	2007-10-11	10:23:41	90	270	335.365	299.665	18.770	-16.931	18.752	*	*
80	2007-10-15	11:22:30	2007-10-15	*	90	*	281.973	245.678	18.968	-17.327	18.972	17.254	*
81	2007-10-16	23:52:30	2007-10-16	22:23:19	45	45	262.796	226.293	19.036	-17.467	19.048	17.400	36.447
82	2007-10-22	03:22:30	2007-10-22	02:53:17	90	90	194.603	157.385	19.265	-17.953	19.306	17.908	37.213
83	2007-11-04	13:52:20	2007-11-04	20:23:02	45	45	17.639	338.741	19.772	-19.126	19.883	19.151	39.034
84	2007-11-12	04:22:20	2007-11-12	05:22:59	90	90	277.618	237.876	20.007	-19.736	20.149	*	*
85	2007-11-14	19:52:20	2007-11-14	19:52:58	225	225	242.813	202.794	20.081	-19.937	20.232	20.022	40.253
86	2007-11-16	10:52:20	2007-11-16	12:52:57	225	225	221.436	181.251	20.126	-20.059	20.281	20.152	40.433
87	2007-11-26	07:22:20	2007-11-26	06:52:53	90	90	92.068	50.946	20.377	-20.745	20.550	20.891	41.441
88	2007-12-01	00:22:20	2007-12-01	00:22:52	270	270	29.849	348.312	20.487	-21.050	20.661	21.217	41.877
89	2007-12-04	08:22:20	2007-12-04	08:22:51	270	270	345.994	304.179	20.560	-21.255	20.731	21.435	42.166
90	2007-12-05	09:52:20	2007-12-05	19:22:50	135	135	332.015	290.114	20.582	-21.319	20.753	*	*
91	2007-12-15	05:52:20	2007-12-15	06:52:47	315	315	202.649	159.998	20.781	-21.870	20.929	*	*
92	2007-12-31	01:22:20	2007-12-31	01:52:42	135	135	354.661	310.969	21.093	-22.599	21.169	22.801	43.969
93	2008-01-02	10:22:20	2008-01-02	11:22:41	90	90	323.427	279.594	21.139	-22.694	21.201	22.889	44.090
94	2008-01-08	*	2008-01-08	01:52:40	*	90	249.184	205.033	21.248	-22.904	21.277	23.080	44.356
95	2008-01-22	23:52:20	2008-01-22	23:52:38	180	135	53.077	8.172	21.558	-23.347	21.495	23.442	44.937
96	2008-01-29	00:22:20	2008-01-29	00:22:37	270	270	333.940	288.763	21.695	-23.482	21.598	23.536	45.134
97	2008-01-30	09:22:20	2008-01-30	09:52:37	45	45	315.869	270.632	21.727	-23.510	21.623	23.554	45.177
98	2008-02-01	02:22:20	2008-02-01	*	90	*	293.417	248.106	21.767	-23.543	21.655	23.575	*
99	2008-02-04	09:52:20	2008-02-04	*	90	*	249.884	204.434	21.847	-23.603	21.719	23.611	45.330
100	2008-02-12	07:52:20	2008-02-12	09:22:36	225	225	145.851	100.084	22.048	-23.719	21.891	23.672	45.562
101	2008-02-13	12:52:20	2008-02-13	*	45	*	129.973	84.159	22.080	-23.733	21.920	23.678	45.598
102	2008-02-15	09:52:20	2008-02-15	10:52:36	90	90	105.335	59.450	22.132	-23.753	21.967	23.686	45.653
103	2008-02-16	21:22:20	2008-02-16	23:52:36	90	90	85.899	39.957	22.174	-23.768	22.006	*	*
104	2008-02-23	20:52:20	2008-02-23	17:52:37	45	45	355.838	309.639	22.379	-23.820	22.203	23.702	45.905
105	2008-02-27	12:52:20	2008-02-27	10:22:37	270	270	307.387	261.051	22.496	-23.839	22.320	23.703	46.023
106	2008-03-14	18:22:20	2008-03-14	*	270	*	92.776	45.816	23.084	-23.877	22.944	23.693	46.638
107	2008-03-17	15:52:20	2008-03-17	12:52:40	270	270	56.367	9.293	23.198	-23.876	23.071	23.691	46.762
108	2008-03-18	10:22:20	2008-03-18	10:52:41	135	135	44.596	357.484	23.236	-23.876	23.113	*	*
109	2008-03-22	15:22:20	2008-03-22	17:52:42	90	90	349.297	302.003	23.422	-23.872	23.319	23.689	47.008
110	2008-03-25	04:22:20	2008-03-25	04:22:42	270	270	315.898	268.489	23.539	-23.870	23.451	23.690	47.141
111	2008-03-25	19:22:20	2008-03-25	19:52:42	90	90	307.685	260.247	23.568	-23.870	23.484	23.691	47.174
112	2008-03-26	22:22:20	2008-03-26	23:22:43	270	270	292.901	245.410	23.622	-23.869	23.544	*	*
113	2008-04-05	16:22:20	2008-04-05	16:52:45	270	270	164.772	116.781	24.119	-23.873	24.104	23.726	47.830
114	2008-04-05	23:22:20	2008-04-05	23:52:46	270	270	160.939	112.931	24.134	-23.873	24.122	*	*
115	2008-04-08	17:52:20	2008-04-08	*	270	*	124.525	76.358	24.288	-23.879	24.294	23.746	*
116	2008-04-09	11:22:20	2008-04-09	11:22:47	225	225	114.942	66.732	24.329	-23.881	24.341	23.751	48.092
117	2008-04-09	18:22:20	2008-04-09	*	0	*	111.109	62.881	24.346	-23.882	24.359	23.753	48.113
118	2008-04-12	01:22:20	2008-04-12	01:22:48	45	45	80.991	32.623	24.479	-23.889	24.509	23.772	*
119	2008-04-14	06:22:20	2008-04-14	06:52:48	135	135	51.968	3.459	24.612	-23.897	24.657	*	*
120	2008-04-16	*	2008-04-16	12:22:49	*	90	22.398	333.739	24.752	-23.907	24.813	23.815	*
121	2008-04-26	14:52:20	2008-04-26	15:52:53	45	315	249.605	200.189	25.431	-23.985	25.558	*	*
122	2008-04-27	21:22:53	2008-04-27	*	90	*	232.904	183.382	25.522	-24.000	25.657	23.980	*
123	2008-05-01	22:22:55	2008-05-01	*	90	*	179.788	129.915	25.819	-24.054	25.978	24.062	*
124	2008-05-02	11:52:20	2008-05-02	18:52:55	225	225	172.396	122.472	25.862	-24.062	26.023	*	*
125	2008-05-17	10:52:20	2008-05-17	12:23:01	90	90	335.836	284.365	27.088	-24.383	27.307	*	*
126	2008-05-19	04:52:20	2008-05-19	*	90	*	312.843	261.166	27.244	-24.432	27.466	24.556	52.021
127	2008-05-23	20:22:20	2008-05-23	20:53:03	225	225	251.806	199.557	27.670	-24.579	27.897	24.729	*
128	2008-05-25	12:22:20	2008-05-25	*	90	*	229.911	177.448	27.827	-24.637	28.054	24.796	52.850
129	2008-05-27	04:22:20	2008-05-27	*	270	*	208.017	155.334	27.985	-24.698	28.212	24.866	*
130	2008-06-01	23:22:20	2008-06-01	*	90	*	131.941	78.458	28.550	-24.934	28.770	25.129	53.898
131	2008-06-10	13:22:20	2008-06-10	*	90	*	19.218	324.443	29.425	-25.350	29.617	25.575	*
132	2008-06-12	05:52:20	2008-06-12	07:53:03	90	90	357.059	302.016	29.603	-25.441	29.787	*	*
133	2008-06-15	01:22:20	2008-06-15	03:53:11	135	225	320.131	264.629	29.902	-25.599	30.072	*	*
134	2008-06-26	04:22:20	2008-06-26	04:23:14	225	90	174.085	116.656	31.120	-26.309	*	*	*
135	2008-06-30	14:22:20	2008-06-30	*	0	*	116.115	57.874	31.611	-26.630	31.671	26.864	58.534
136	2008-07-01	04:52:20	2008-07-01	*	315	*	108.186	49.832	31.679	-26.676	31.733	26.908	*
137	2008-07-06	15:52:20	2008-07-06	16:23:17	135	135	36.553	337.158	32.288	-27.106	32.295	*	*
138	2008-07-07	13:22:20	2008-07-07	19:23:17	135	225	24.797	325.229	32.389	-27.180	32.387	27.396	*
139	2008-07-21	12:22:20	2008-07-21	*	135	*	201.642	139.273	33.944	-28.425	33.818	28.577	*
140	2008-07-31	02:22:20	2008-07-31	*	45	*	75.900	11.541	34.972	-29.387	34.773	29.476	*
141	2008-07-31	06:22:20	2008-07-31	*	270	*	73.713	9.319	34.989	-29.405	34.789	29.492	64.281
142	2008-08-07	02:52:20	2008-08-07	*	90	*	343.775	277.943	35.691	-30.141	35.450	30.177	*
143	2008-08-17	00:22:20	2008-08-17	00:23:23	270	270	213.907	146.003	36.646	-31.257	36.372	*	*
144	2008-08-31	00:22:20	2008-08-31	00:23:23	135	225	30.117	319.347	37.846	-32.924	37.582	*	*
145	2008-09-08	02:22:20	2008-09-08	03:53:22	270	90	283.959	211.594	38.448	-33.917	*	*	*
148	2008-09-12	14:22:20	2008-09-12	14:23:21	90	90	224.846	151.618	38.756	-34.472	38.560	*	*
149	2008-09-14	00:22:20	2008-09-14	02:53:21	270	90	206.235	132.738	38.850	-34.647	38.664	*	*
150	2008-09-19	*	2008-09-19	10:23:20	*	45	135.053	60.550	39.187	-35.316	39.047	35.062	*
151	2008-09-20	02:52:20	2008-09-20	*	315	*	126.028	51.399	39.228	-35.401	39.094	35.145	*
152	2008-10-04	08:22:20	2008-10-04	08:23:18	45	90	298.987	221.873	39.968	-37.146	39.979	36.878	*
153	2008-10-05	20:52:20	2008-10-05	*	270	*	278.990	201.624	40.037	-37.329	40.064	37.064	*
154	2008-10-09	06:52:20	2008-10-09	09:53:16	315	315	234.062	156.139	40.186	-37.737	40.250	*	*
155	2008-10-12	08:22:20	2008-10-12	*	90	*	193.788	115.376	40.313	-38.099	40.410	37.851	*
156	2008-10-17	09:52:20	2008-10-17	10:53:14	270	90	127.205	48.007	40.511	-38.686	40.659	*	*
157	2008-10-21	09:53:13	2008-10-21	14:22:20	45/270	315	74.581	354.783	40.656	-39.143	40.841	*	*
158	2008-10-26	23:52:20	2008-10-26	22:23:11	270	270	1.957	281.356	40.840	-39.760	41.072	39.600	*
159	2008-10-30	15:22:20	2008-10-30	*	270	*	313.181	232.060	40.956	-40.165	41.214	40.036	*
160	2008-11-01	*	2008-11-01	05:23:10	*	90	292.341	211.002	41.004	-40.336	41.271	40.220	*
161	2008-11-02	*	2008-11-02	05:23:09	*	270	279.185	197.709	41.033	-40.443	41.307	40.336	*
162	2008-11-03	01:22:20	2008-11-03	01:53:09	45	315	268.231	186.642	41.058	-40.531	41.336	*	*
165	2008-11-04	*	2008-11-04	04:23:09	*	315	253.421	171.681	41.091	-40.650	41.375	40.562	*
166	2008-11-07	20:22:20	2008-11-07	21:23:08	270	315	205.191	122.965	41.196	-41.030	41.497	*	*
167	2008-11-13	16:22:20	2008-11-13	15:23:06	225	135	128.985	46.017	41.357	-41.611	41.673	*	*
171	2008-11-20	14:52:20	2008-11-20	14:53:03	45	315	37.177	313.353	41.543	-42.281	41.860	42.365	*
172	2008-11-23	22:22:20	2008-11-24	04:23:02	270	270	353.601	269.385	41.628	-42.588	41.939	*	*
173	2008-11-29	*	2008-11-29	13:23:00	*	90	279.598	194.736	41.769	-43.093	42.059	43.271	*
174	2008-12-07	*	2008-12-07	01:22:57	*	90	180.961	95.274	41.957	-43.730	42.202	43.977	*
175	2008-12-08	17:22:20	2008-12-08	*	315	*	159.041	73.177	41.999	-43.865	42.232	44.127	*
176	2008-12-12	08:22:20	2008-12-12	08:22:55	90	270	111.369	25.125	42.092	-44.152	42.294	*	*
177	2008-12-16	08:22:20	2008-12-16	08:22:54	90	90	58.770	332.118	42.194	-44.457	42.360	44.773	*
178	2008-12-20	20:22:20	2008-12-20	12:52:53	270	45	3.710	276.644	42.301	-44.765	*	*	*
179	2008-12-27	06:52:20	2008-12-27	10:52:50	45	315	274.968	187.260	42.472	-45.236	42.520	*	*
180	2008-12-31	15:52:20	2008-12-31	*	90	*	217.457	129.351	42.583	-45.523	42.582	45.887	*
181	2009-01-05	*	2009-01-05	00:22:20	*	270	160.225	71.736	42.695	-45.793	42.644	46.153	88.797
182	2009-01-06	07:22:00	2009-01-06	07:22:27	270	90	143.248	54.649	42.729	-45.870	*	*	*
183	2009-01-07	14:52:00	2009-01-07	*	90	*	125.997	37.287	42.763	-45.947	42.683	46.301	88.984
184	2009-01-08	14:52:00	2009-01-09	01:52:26	90	270	112.855	24.061	42.789	-46.005	42.698	*	*
185	2009-01-12	15:22:00	2009-01-13	03:22:25	270	270	60.012	330.889	42.896	-46.227	42.761	46.562	*
186	2009-01-14	06:22:00	2009-01-14	11:22:00	90	270	38.657	309.405	42.939	-46.313	42.788	*	*
187	2009-01-15	19:52:00	2009-01-15	18:22:25	270	270	18.945	289.575	42.978	-46.391	42.812	46.709	*
188	2009-01-17	*	2009-01-17	14:22:24	*	90	354.853	265.342	43.027	-46.484	42.843	46.790	89.633
189	2009-01-20	19:52:00	2009-01-20	15:22:23	270	270	314.883	225.145	43.107	-46.632	42.896	46.916	*
190	2009-01-21	*	2009-01-21	22:22:23	*	270	297.911	208.078	43.141	-46.692	42.918	46.967	*
191	2009-01-25	*	2009-01-25	12:22:22	*	90	250.826	160.738	43.234	-46.853	42.985	47.096	*
192	2009-01-31	06:22:00	2009-01-31	04:22:21	270	90	176.368	85.900	43.384	-47.084	*	*	*
193	2009-02-06	09:22:00	2009-02-06	06:22:20	270	270	96.438	5.592	43.549	-47.297	43.239	*	*
194	2009-02-06	17:22:00	2009-02-06	*	270	*	90.416	359.543	43.562	-47.311	43.251	47.422	90.673
195	2009-02-10	20:52:00	2009-02-11	01:52:19	270/90	225/90	35.944	304.833	43.679	*	*	*	*
196	2009-02-12	00:22:00	2009-02-12	00:22:19	270	270	20.888	289.714	43.711	-47.463	43.392	47.509	*
197	2009-02-13	06:52:00	2009-02-13	*	90	*	4.191	272.948	43.747	-47.495	43.428	47.526	90.953
198	2009-02-18	09:22:00	2009-02-18	15:22:19	90	45/0/315	297.125	205.620	43.895	-47.611	43.581	47.578	*
199	2009-02-20	22:22:00	2009-02-20	23:22:18	270	270	263.729	172.100	43.970	-47.659	43.662	47.596	*
200	2009-02-22	*	2009-02-22	12:52:18	*	90	242.651	150.946	44.017	-47.687	43.716	47.604	*
201	2009-02-28	*	2009-02-28	00:22:18	*	270	170.654	78.707	44.186	-47.762	43.911	47.616	*
202	2009-03-02	23:52:00	2009-03-02	*	90	*	131.507	39.435	44.282	-47.790	44.026	47.612	*
203	2009-03-04	06:22:00	2009-03-04	*	270	*	114.807	22.684	44.324	-47.800	44.077	47.608	*
204	2009-03-06	20:22:00	2009-03-06	20:22:18	270	270	80.860	348.635	44.412	-47.813	44.185	47.597	*
205	2009-03-08	00:22:00	2009-03-08	04:22:18	270	45	65.529	333.259	44.453	-47.817	44.236	*	*
206	2009-03-10	06:22:00	2009-03-10	*	90	*	35.961	303.607	44.533	-47.821	44.336	47.575	91.911
207	2009-03-16	14:22:00	2009-03-16	12:22:19	90/270	90/270	313.827	221.247	44.771	-47.809	44.636	*	*
208	2009-03-18	00:22:00	2009-03-18	07:22:19	90	315	294.114	201.482	44.831	-47.801	44.712	*	*
209	2009-03-24	00:22:00	2009-03-24	16:22:20	90	90	215.261	122.423	45.083	-47.756	45.032	*	*
213	2009-03-26	09:22:00	2009-03-26	19:22:20	270	135	184.048	91.128	45.189	-47.731	*	*	*
214	2009-03-31	15:22:00	2009-03-31	*	90	*	115.051	21.949	45.438	-47.665	45.477	47.329	*
215	2009-04-02	20:22:00	2009-04-03	04:22:21	270	45	86.028	352.847	45.549	-47.632	*	*	*
216	2009-04-09	02:52:00	2009-04-09	05:52:22	90/315	90	3.616	270.200	45.891	-47.525	*	*	*
217	2009-04-10	19:22:00	2009-04-10	*	270	*	341.439	247.956	45.989	-47.493	46.146	47.183	*
218	2009-04-11	*	2009-04-11	07:52:23	*	90	334.594	241.091	46.020	-47.483	46.183	47.175	*
219	2009-04-14	00:22:00	2009-04-14	13:22:23	90	315	299.276	205.661	46.183	-47.432	46.374	47.138	*
220	2009-04-15	01:52:00	2009-04-15	04:52:24	270	90	285.314	191.653	46.249	-47.412	*	*	*
221	2009-04-16	*	2009-04-16	09:22:24	*	90	268.066	174.347	46.332	-47.386	46.547	47.107	93.654
222	2009-04-19	16:22:00	2009-04-19	*	90	*	224.811	130.941	46.547	-47.323	46.793	47.067	*
223	2009-04-19	23:22:00	2009-04-19	*	270	*	220.978	127.094	46.567	-47.317	46.815	47.063	*
224	2009-04-22	22:22:00	2009-04-22	22:22:26	90	90	182.105	88.075	46.769	-47.261	47.042	*	*
227	2009-04-25	12:52:00	2009-04-25	16:22:26	270	270	147.887	53.720	46.955	-47.212	47.247	47.006	*
228	2009-05-02	23:22:00	2009-05-02	20:22:28	270	90	51.813	317.216	47.513	-47.084	47.848	*	*
229	2009-05-06	*	2009-05-06	08:22:29	*	90	5.834	271.005	47.801	-47.028	48.148	46.935	*
230	2009-05-09	05:52:00	2009-05-09	05:22:30	90	270	328.068	233.035	48.047	-46.986	48.401	*	*
231	2009-05-11	13:22:00	2009-05-11	12:22:31	270	90/270	297.967	202.762	48.248	*	*	*	*
232	2009-05-13	14:22:00	2009-05-13	22:22:32	90	90	270.604	175.234	48.436	-46.933	48.794	*	*
233	2009-05-15	*	2009-05-15	12:22:32	*	45	245.431	149.904	48.612	-46.914	48.969	46.928	*
234	2009-05-21	*	2009-05-21	19:22:35	*	135	162.808	66.719	49.213	-46.876	49.555	46.963	*
235	2009-05-30	15:52:00	2009-05-29	19:22:37	270	270	57.772	320.865	50.023	-46.883	50.322	*	*
236	2009-05-31	00:22:00	2009-05-31	*	90	*	41.909	304.869	50.150	-46.890	50.440	47.079	97.519
237	2009-05-31	17:22:00	2009-05-31	*	270	*	32.610	295.491	50.224	-46.895	50.510	47.091	*
238	2009-06-02	16:22:00	2009-06-02	16:52:39	315	90	6.903	269.558	50.434	-46.911	50.703	*	*
239	2009-06-03	23:52:00	2009-06-03	*	90	*	349.674	252.175	50.575	-46.924	50.833	47.151	97.984
240	2009-06-03	*	2009-06-03	00:22:39	*	90	2.527	265.144	50.469	-46.914	50.736	47.132	*
241	2009-06-03	*	2009-06-03	07:52:39	*	270	358.425	261.005	50.503	-46.917	50.767	47.138	*
242	2009-06-11	*	2009-06-11	11:22:42	*	90	251.509	153.069	51.402	-47.038	51.585	47.329	*
243	2009-06-13	13:52:00	2009-06-13	14:52:43	90	270	223.894	125.171	51.639	-47.084	51.799	*	*
244	2009-06-16	02:52:00	2009-06-15	21:22:43	90	270	193.547	94.504	51.901	-47.141	52.034	*	*
245	2009-06-16	16:52:00	2009-06-16	16:52:44	270	270	182.885	83.728	51.994	-47.163	52.116	*	*
246	2009-06-19	*	2009-06-19	17:52:45	*	90	142.971	43.375	52.341	-47.254	52.426	47.596	*
247	2009-06-20	06:22:00	2009-06-20	06:22:45	45	45	136.136	36.464	52.401	-47.271	52.479	*	*
248	2009-06-21	19:52:00	2009-06-21	17:52:45	315	45	116.727	16.835	52.571	-47.321	*	*	*
249	2009-06-23	14:52:00	2009-06-23	05:22:46	90	270	97.318	357.202	52.741	-47.375	52.780	47.732	*
250	2009-06-26	12:22:00	2009-06-26	12:22:47	90	45	54.127	313.502	53.120	-47.505	53.116	*	*
251	2009-06-27	*	2009-06-27	21:52:47	*	270	35.812	294.966	53.281	-47.565	53.259	47.935	101.194
252	2009-06-30	*	2009-06-30	19:22:48	*	270	357.816	256.503	53.616	-47.698	53.555	48.072	*
253	2009-07-02	*	2009-07-02	00:22:49	*	90	341.962	240.451	53.755	-47.756	53.679	48.132	*
254	2009-07-03	02:22:00	2009-07-03	02:22:49	135	270	327.748	226.057	53.880	-47.811	53.790	48.187	*
255	2009-07-06	*	2009-07-06	01:22:49	*	270	288.933	186.744	54.221	-47.968	54.092	48.343	102.435
256	2009-07-13	10:52:00	2009-07-13	*	90	*	191.892	88.413	55.061	-48.418	54.843	48.775	103.618
257	2009-07-16	*	2009-07-16	22:22:49	*	135	146.239	42.134	55.447	-48.658	55.192	49.001	*
258	2009-07-22	03:52:00	2009-07-22	*	270	*	77.619	332.554	56.013	-49.053	55.708	49.366	*
259	2009-07-23	06:52:49	2009-07-23	08:22:00	90	270	62.855	317.580	56.132	-49.143	*	*	*
260	2009-07-26	02:52:00	2009-07-26	10:22:49	90	270	25.671	279.865	56.429	-49.377	56.093	49.662	*
261	2009-08-01	00:22:00	2009-08-01	00:22:49	45	45	201.360	308.285	57.028	-49.897	56.658	*	*
262	2009-08-04	18:22:00	2009-08-04	18:22:49	90	270	259.058	151.414	57.394	-50.250	57.010	50.449	*
263	2009-08-08	16:52:00	2009-08-08	01:52:49	90	90	215.568	107.286	57.707	-50.575	57.317	*	*
264	2009-08-11	14:22:49	2009-08-11	20:22:00	90	270	169.338	60.374	58.028	-50.936	57.637	51.062	*
265	2009-08-13	03:22:00	2009-08-13	*	270	*	149.094	39.831	58.164	-51.099	57.774	51.208	108.981
266	2009-08-14	*	2009-08-14	22:52:49	*	270	125.291	15.677	58.320	-51.293	57.934	51.381	109.315
267	2009-08-19	03:08:15	2009-08-19	05:09:04	270	90	70.420	319.997	58.667	-51.755	*	*	*
268	2009-08-19	10:08:15	2009-08-20	03:09:04	90	270	66.589	316.109	58.691	-51.788	58.320	51.824	*
269	2009-08-25	11:08:15	2009-08-25	20:09:04	90	270	347.220	235.574	59.158	-52.488	58.822	52.451	*
270	2009-08-31	01:08:15	2009-08-31	00:09:04	90	90	274.394	161.685	59.553	-53.155	59.265	53.053	*
271	2009-09-03	12:08:15	2009-09-03	05:09:04	90	270	232.230	118.910	59.769	-53.551	59.512	*	*
272	2009-09-09	06:08:15	2009-09-09	05:09:04	90	90	153.363	38.911	60.144	-54.308	59.957	54.102	*
273	2009-09-12	01:08:15	2009-09-13	03:09:04	270	135	116.123	1.143	60.308	-54.672	60.157	*	*
274	2009-09-14	00:08:15	2009-09-14	00:09:04	270	45	90.376	335.032	60.416	-54.927	*	*	*
275	2009-09-22	01:08:15	2009-09-22	00:09:04	90	270	345.168	228.362	60.824	-55.982	60.812	55.664	*
279	2009-09-30	11:08:15	2009-09-30	14:09:04	90/270	90	233.928	115.614	61.203	-57.111	*	*	*
280	2009-10-03	19:08:15	2009-10-03	19:09:04	270	90	190.081	71.184	61.341	-57.556	61.497	*	*
281	2009-10-13	14:08:15	2009-10-14	17:08:04	270	90	61.267	300.697	61.711	-58.860	*	*	*
282	2009-10-16	13:08:15	2009-10-17	00:09:04	90	270	22.347	261.282	61.813	-59.252	62.123	*	*
283	2009-10-20	14:08:15	2009-10-20	12:09:04	270	90	330.261	208.543	61.945	-59.773	*	*	*
284	2009-10-21	*	2009-10-21	23:09:04	*	90	311.075	189.118	61.993	-59.964	62.351	59.608	121.959
286	2009-10-23	*	2009-10-23	19:08:15	*	90	286.965	164.710	62.053	-60.203	62.424	59.857	*
287	2009-10-27	19:08:15	2009-10-27	19:09:04	90	270	234.341	111.442	62.181	-60.718	62.576	*	*
288	2009-10-31	05:08:15	2009-10-31	05:09:04	90	270	189.393	65.952	62.289	-61.153	62.699	*	*
289	2009-11-05	01:08:15	2009-11-05	01:09:04	90	90	125.811	1.613	62.440	-61.757	62.861	*	*
290	2009-11-05	*	2009-11-05	19:09:04	*	270	115.936	351.622	62.464	-61.850	62.885	61.610	124.495
291	2009-11-08	05:08:15	2009-11-08	06:09:04	270	45	84.156	319.470	62.538	-62.148	62.960	*	*
292	2009-11-13	23:09:04	2009-11-13	23:08:15	90	270	8.525	242.966	62.714	-62.845	63.122	*	*
293	2009-11-15	13:08:15	2009-11-15	*	270	*	347.700	221.905	62.762	-63.034	63.164	62.908	*
294	2009-11-16	17:08:15	2009-11-16	06:09:04	270	90	338.375	212.474	62.783	-63.118	*	*	*
295	2009-11-18	11:08:15	2009-11-18	09:09:04	225	90	310.428	184.212	62.848	-63.368	*	*	*
297	2009-11-20	10:08:15	2009-11-20	10:09:04	270	90	283.587	157.071	62.910	-63.607	63.284	*	*
298	2009-11-20	*	2009-11-20	22:09:04	*	90	277.002	150.413	62.925	-63.665	63.295	63.610	*
299	2009-11-21	08:08:15	2009-11-21	11:09:04	90	270	271.532	144.882	62.938	-63.713	63.305	*	*
300	2009-11-22	06:08:15	2009-11-22	*	270	*	259.477	132.694	62.966	-63.818	63.326	63.782	*
301	2009-11-28	03:08:15	2009-11-28	*	90	*	182.225	54.596	63.148	-64.480	63.455	64.527	*
302	2009-11-29	*	2009-11-29	09:09:04	*	270	165.780	37.975	63.187	-64.618	63.481	64.682	*
303	2009-12-02	01:08:15	2009-12-02	00:09:04	270	90	131.267	3.093	63.270	-64.904	63.534	*	*
304	2009-12-04	*	2009-12-04	14:09:04	*	270	97.304	328.771	63.352	-65.181	63.585	65.318	128.903
305	2009-12-06	*	2009-12-06	13:09:04	*	270	71.560	302.757	63.414	-65.388	63.622	65.552	*
306	2009-12-13	11:08:15	2009-12-13	*	90	*	340.649	210.915	63.631	-66.102	63.743	66.356	*
307	2009-12-16	03:08:15	2009-12-16	04:08:58	90	270	305.599	175.515	63.714	-66.370	63.787	*	*
308	2009-12-22	04:08:56	2009-12-21	22:08:15	270	90	229.481	98.654	63.893	-66.933	*	*	*
309	2009-12-28	*	2009-12-28	17:08:54	*	270	140.229	8.563	64.104	-67.562	63.989	67.967	*
310	2009-12-30	17:08:15	2009-12-30	16:08:53	90	270	114.495	342.594	64.165	-67.736	64.021	*	*
311	2010-01-01	23:08:15	2010-01-01	19:08:52	90	270	86.572	314.420	64.230	-67.922	64.057	68.352	*
312	2010-01-03	*	2010-01-03	12:08:52	*	270	64.124	291.773	64.282	-68.069	64.086	68.507	*
313	2010-01-06	00:08:15	2010-01-06	00:08:51	270	90	31.275	258.637	64.357	-68.280	64.129	*	*
314	2010-01-07	11:08:15	2010-01-07	12:08:50	270	90	12.113	239.310	64.401	-68.402	64.154	*	*
315	2010-01-10	22:08:15	2010-01-10	15:08:49	270	90	330.505	197.351	64.493	-68.660	64.210	*	*
316	2010-01-11	02:08:15	2010-01-11	08:08:49	270	90	324.482	191.279	64.507	-68.696	*	*	*
317	2010-01-13	07:08:15	2010-01-13	12:08:49	270	90	295.467	162.025	64.570	-68.871	*	*	*
318	2010-01-15	09:08:15	2010-01-15	13:08:48	90	90	268.093	134.432	64.629	-69.033	64.296	69.488	*
319	2010-01-17	07:08:15	2010-01-17	12:08:47	225	90	242.910	109.050	64.682	-69.178	*	*	*
320	2010-01-19	*	2010-01-19	00:08:47	*	135	220.464	86.430	64.730	-69.304	64.367	69.751	134.117
321	2010-01-22	12:08:15	2010-01-22	15:08:46	90	270	174.477	40.096	64.826	-69.555	64.440	*	*
322	2010-01-24	00:08:15	2010-01-24	03:08:45	315	45	154.768	20.242	64.867	-69.659	*	*	*
323	2010-01-27	22:08:15	2010-01-27	23:09:04	315	45	103.305	328.413	64.974	-69.918	*	*	*
324	2010-01-29	05:08:15	2010-01-29	04:09:04	315	45	86.872	311.866	65.008	-69.998	*	*	*
325	2010-02-01	23:08:15	2010-02-01	22:09:04	135/270	225	37.598	262.262	65.109	-70.227	64.690	70.578	135.268
326	2010-02-03	13:08:15	2010-02-03	15:09:04	90/315	45/225	16.255	240.780	65.152	-70.322	64.733	*	*
327	2010-02-07	06:08:15	2010-02-07	07:09:04	90	270	327.527	191.747	65.250	-70.529	64.837	70.822	*
328	2010-02-08	13:08:15	2010-02-08	14:09:04	90	270	310.554	174.671	65.284	-70.598	64.875	*	*
329	2010-02-09	22:08:15	2010-02-09	23:09:04	270	90	292.486	156.496	65.320	-70.670	64.916	70.929	*
330	2010-02-10	11:08:15	2010-02-10	12:09:04	90	270	285.368	149.336	65.334	-70.697	64.932	70.949	*
331	2010-02-10	19:08:15	2010-02-10	20:09:04	90	270	280.988	144.931	65.343	-70.714	64.943	*	*
332	2010-02-11	*	2010-02-11	06:09:04	*	270	274.956	138.864	65.355	-70.737	64.957	70.978	*
333	2010-02-11	21:08:15	2010-02-11	23:08:41	90	270	266.752	130.613	65.371	-70.768	64.976	*	*
334	2010-02-12	*	2010-02-12	11:08:41	*	270	259.087	122.904	65.387	-70.796	64.994	71.021	136.015
335	2010-02-12	13:08:15	2010-02-12	14:08:40	90	270	257.991	121.802	65.389	-70.800	64.997	71.024	*
336	2010-02-13	00:08:15	2010-02-13	00:08:40	45	315	251.969	115.746	65.401	-70.822	65.012	71.040	*
337	2010-02-14	08:08:15	2010-02-14	05:08:40	45	270	236.090	99.778	65.433	-70.879	65.050	*	*
338	2010-02-14	23:08:15	2010-02-15	05:08:40	45	270	226.234	89.868	65.453	-70.913	65.075	*	*
339	2010-02-15	15:08:15	2010-02-15	16:08:40	225	90	217.473	81.060	65.470	-70.943	*	*	*
340	2010-02-16	11:08:15	2010-02-16	11:08:40	90	270	206.522	70.050	65.492	-70.980	65.125	*	*
341	2010-02-20	14:08:15	2010-02-20	13:08:39	315	45	152.862	16.111	65.603	-71.147	65.270	*	*
342	2010-02-21	05:08:15	2010-02-21	05:08:39	315	45	144.101	7.307	65.622	-71.172	*	*	*
343	2010-02-22	09:08:15	2010-02-22	10:08:38	270	45	128.769	351.899	65.654	-71.215	65.339	*	*
344	2010-02-22	14:08:15	2010-02-22	16:08:38	270	0/90	126.031	349.148	65.660	-71.223	65.347	*	*
345	2010-02-23	*	2010-02-23	13:08:38	*	45	113.436	336.493	65.687	-71.256	65.384	71.319	*
346	2010-02-24	06:08:15	2010-02-24	05:08:38	270	90	104.675	327.690	65.707	-71.279	*	*	*
347	2010-02-25	01:08:15	2010-02-25	02:08:38	135/225	225/45	93.724	316.687	65.731	-71.306	65.443	*	*
348	2010-02-25	18:08:15	2010-02-26	02:08:38	135	225	84.415	307.335	65.752	-71.328	65.472	71.357	*
349	2010-02-28	11:08:15	2010-02-28	12:08:37	135	225	48.821	271.581	65.833	-71.408	65.585	*	*
350	2010-02-28	18:08:15	2010-02-28	19:08:37	315	45	44.988	267.731	65.842	-71.416	*	*	*
351	2010-03-01	09:08:15	2010-03-01	08:08:37	135/180	225	37.322	260.031	65.859	-71.432	65.623	71.405	*
352	2010-03-02	01:08:15	2010-03-02	01:08:37	90	45/135	28.013	250.681	65.881	-71.450	65.653	*	*
353	2010-03-02	18:08:15	2010-03-02	*	270	*	18.704	241.332	65.903	-71.468	65.685	71.419	*
354	2010-03-04	03:08:15	2010-03-04	01:08:37	135	90	1.728	224.285	65.944	-71.499	65.742	71.430	*
355	2010-03-05	03:08:15	2010-03-05	06:08:37	270	270	347.491	209.989	65.979	-71.523	65.792	*	*
356	2010-03-06	00:08:15	2010-03-06	00:08:37	270	90	335.991	198.442	66.007	-71.541	65.832	*	*
357	2010-03-06	09:08:15	2010-03-06	10:08:37	90	270	331.063	193.494	66.019	-71.549	65.849	*	*
358	2010-03-07	00:08:15	2010-03-07	*	270	*	322.849	185.247	66.040	-71.561	65.879	71.448	*
359	2010-03-09	08:08:15	2010-03-09	12:08:36	270	90	292.183	154.462	66.118	-71.603	65.990	*	*
360	2010-03-10	02:08:15	2010-03-10	02:08:36	270	90	282.326	144.567	66.144	-71.615	66.027	71.457	*
361	2010-03-10	11:08:15	2010-03-10	11:08:36	45	315	277.397	139.620	66.157	-71.620	*	*	*
362	2010-03-12	11:08:15	2010-03-12	04:08:36	90	0/270	254.946	117.085	66.217	-71.644	66.131	71.457	*
363	2010-03-13	20:08:15	2010-03-13	19:08:36	90	270	233.589	95.651	66.275	-71.663	66.214	*	*
364	2010-03-14	06:08:15	2010-03-14	05:08:36	90	270	228.113	90.155	66.291	-71.667	66.235	*	*
365	2010-03-14	13:08:15	2010-03-14	14:08:36	225	90	223.733	85.759	66.303	-71.671	66.253	*	*
366	2010-03-15	*	2010-03-15	04:08:36	*	90	215.519	77.516	66.326	-71.676	66.285	71.449	*
367	2010-03-15	10:08:15	2010-03-15	13:08:36	225	90	212.233	74.219	66.336	-71.678	66.298	*	*
368	2010-03-17	18:08:15	2010-03-17	17:08:36	225	135	182.115	43.998	66.423	-71.694	66.421	*	*
369	2010-03-19	20:08:15	2010-03-19	21:08:35	90	270	154.188	15.977	66.509	-71.703	66.539	71.418	*
370	2010-03-20	09:08:15	2010-03-20	11:08:35	270	315/135	147.070	8.835	66.531	*	*	*	*
371	2010-03-25	08:08:15	2010-03-25	07:08:35	315	45	82.456	304.015	66.745	-71.696	*	*	*
372	2010-03-25	14:08:15	2010-03-25	19:08:35	135/270	135	78.623	300.171	66.758	-71.694	*	*	*
373	2010-03-26	16:08:15	2010-03-26	17:08:35	90	270	64.387	285.890	66.809	-71.688	66.943	*	*
374	2010-03-27	16:08:15	2010-03-27	17:08:35	315	45	51.246	272.709	66.857	-71.680	*	*	*
375	2010-03-27	18:08:15	2010-03-27	22:08:35	90	315	50.151	271.611	66.861	-71.680	67.010	71.318	*
376	2010-03-29	12:08:15	2010-03-29	14:08:35	270	90	27.154	248.544	66.946	-71.663	*	*	*
377	2010-03-30	12:08:15	2010-03-30	14:08:35	135/315	45/225	14.013	235.364	66.997	-71.652	*	*	*
378	2010-04-02	14:08:15	2010-04-02	*	90	*	333.498	194.728	67.158	-71.611	67.389	71.211	*
379	2010-04-03	11:08:15	2010-04-03	12:08:35	135	225	322.000	183.197	67.206	-71.598	67.448	71.193	*
380	2010-04-04	01:08:15	2010-04-04	02:08:35	135	225	314.335	175.510	67.238	-71.588	67.487	*	*
381	2010-04-06	03:08:15	2010-04-06	04:08:35	90	270	286.962	148.056	67.354	-71.552	67.630	*	*
382	2010-04-07	01:08:15	2010-04-07	01:08:35	45	0	274.918	135.976	67.407	-71.534	67.694	*	*
383	2010-04-08	09:08:15	2010-04-08	07:08:36	90	270	258.494	119.504	67.481	-71.509	67.782	*	*
384	2010-04-08	14:08:15	2010-04-08	16:08:36	45	45	254.662	115.661	67.498	-71.503	67.802	*	*
385	2010-04-10	00:08:15	2010-04-10	03:08:36	90	270	236.049	96.994	67.583	-71.472	67.903	*	*
386	2010-04-11	09:08:15	2010-04-11	11:08:36	225	135	217.985	78.876	67.668	-71.441	68.002	*	*
387	2010-04-12	10:08:15	2010-04-12	13:08:36	225	135	204.300	65.150	67.734	-71.416	*	*	*
388	2010-04-13	03:08:15	2010-04-13	*	45	*	194.994	55.816	67.779	-71.398	68.131	70.972	*
389	2010-04-13	15:08:15	2010-04-13	14:08:36	45	315	188.973	49.777	67.809	-71.387	68.164	*	*
390	2010-04-15	17:08:15	2010-04-15	20:08:36	225/45	315	161.057	21.777	67.949	-71.331	68.323	70.908	*
391	2010-04-19	05:08:15	2010-04-19	04:08:36	135	225	115.629	336.208	68.189	-71.232	68.589	70.818	*
392	2010-04-19	23:08:15	2010-04-20	00:08:37	45	315	105.230	325.777	68.245	-71.208	68.651	70.797	*
393	2010-04-22	09:08:15	2010-04-22	09:08:37	90	225	73.488	293.932	68.424	-71.132	68.843	70.732	*
394	2010-04-23	12:08:15	2010-04-23	14:08:37	270	90	58.712	279.108	68.509	-71.095	*	*	*
395	2010-04-24	02:08:15	2010-04-24	*	90	*	51.051	271.421	68.554	-71.076	68.981	70.686	*
396	2010-04-25	15:08:15	2010-04-25	17:08:37	90	270	30.803	251.105	68.674	-71.023	69.107	*	*
397	2010-04-26	18:08:15	2010-04-26	17:08:37	315	270/360	16.576	236.829	68.761	-70.986	69.197	*	*
398	2010-04-28	*	2010-04-28	11:08:38	*	315	353.594	213.766	68.903	-70.924	69.344	70.565	*
399	2010-04-28	22:08:15	2010-04-28	20:08:38	315	45	348.670	208.824	68.934	-70.911	69.375	*	*
400	2010-04-29	13:08:15	2010-04-29	13:08:38	315	45	339.368	199.489	68.993	-70.885	69.435	*	*
401	2010-05-01	10:08:15	2010-05-01	*	135	*	314.747	174.777	69.152	-70.817	69.595	70.484	140.079
402	2010-05-03	09:08:15	2010-05-03	10:08:39	180	225	289.032	148.965	69.322	-70.746	69.765	70.431	*
403	2010-05-04	10:08:15	2010-05-04	12:08:39	90	225	275.355	135.234	69.414	-70.707	69.855	70.404	*
404	2010-05-06	01:08:15	2010-05-06	02:08:39	180	225	254.020	113.813	69.559	-70.647	69.998	70.361	*
405	2010-05-06	15:08:15	2010-05-06	15:08:39	180	225	246.361	106.123	69.612	-70.625	70.049	70.346	*
406	2010-05-07	09:08:15	2010-05-07	11:08:39	45	315	236.514	96.236	69.681	-70.598	70.116	70.327	*
407	2010-05-08	08:08:15	2010-05-08	08:08:39	45	315	223.933	83.601	69.769	-70.562	70.201	70.303	*
408	2010-05-09	00:08:15	2010-05-09	01:08:40	45	315	215.180	74.812	69.831	-70.538	70.260	70.286	*
409	2010-05-09	09:08:15	2010-05-09	08:08:40	0	45	210.804	70.417	69.862	-70.525	70.290	70.278	*
410	2010-05-11	*	2010-05-11	02:08:40	*	90	187.831	47.342	70.027	-70.461	70.447	70.235	140.682
411	2010-05-15	18:08:15	2010-05-15	*	270	*	126.572	345.799	70.482	-70.292	70.873	70.128	141.001
412	2010-05-19	12:08:15	2010-05-19	14:08:42	270	90	77.352	296.331	70.862	-70.160	71.222	*	*
413	2010-05-19	21:08:15	2010-05-20	00:08:42	270	90	72.431	291.383	70.900	-70.147	71.257	*	*
414	2010-05-21	*	2010-05-21	16:08:43	*	315	48.916	267.743	71.087	-70.086	71.427	70.006	141.433
415	2010-05-23	00:08:15	2010-05-23	00:08:43	270	90	31.417	250.148	71.228	-70.042	71.554	*	*
416	2010-05-23	21:08:15	2010-05-23	22:08:43	90	270	19.934	238.601	71.321	-70.013	71.637	69.966	*
417	2010-05-24	10:08:15	2010-05-24	11:08:43	45	315	12.826	231.452	71.379	-69.995	71.689	69.956	*
418	2010-05-24	17:08:15	2010-05-24	17:08:43	90	270	8.998	227.602	71.410	-69.986	71.717	69.951	*
419	2010-05-27	00:08:15	2010-05-27	00:08:44	135	225	338.924	197.352	71.658	-69.914	71.939	69.913	*
420	2010-05-27	*	2010-05-27	15:08:44	*	225	330.723	189.101	71.727	-69.895	71.999	69.903	141.903
421	2010-05-31	00:08:15	2010-05-31	00:08:45	315	45	286.435	144.538	72.100	-69.797	72.329	*	*
422	2010-06-01	00:08:15	2010-06-01	01:08:45	90	270	273.313	131.332	72.211	-69.770	72.427	69.844	*
423	2010-06-02	18:08:15	2010-06-02	21:08:46	270	90	250.350	108.217	72.408	-69.725	72.599	*	*
424	2010-06-03	10:08:15	2010-06-03	*	90	*	241.603	99.411	72.483	-69.709	72.665	69.818	142.483
425	2010-06-04	07:08:15	2010-06-04	08:08:46	45	0	230.121	87.851	72.582	-69.689	72.751	69.810	*
426	2010-06-04	16:08:15	2010-06-04	16:08:46	270	90	225.201	82.897	72.624	-69.680	72.788	*	*
427	2010-06-05	19:08:15	2010-06-05	20:08:47	225	180	210.440	68.033	72.752	-69.655	72.899	69.798	*
428	2010-06-12	*	2010-06-12	04:08:49	*	270	126.794	343.770	73.482	-69.542	73.531	69.772	143.303
429	2010-06-12	16:08:15	2010-06-12	18:08:49	45	0	120.234	337.159	73.539	-69.536	73.581	69.772	*
430	2010-06-13	13:08:15	2010-06-13	16:08:49	270	315	108.753	325.589	73.640	-69.525	73.668	69.772	*
431	2010-06-14	*	2010-06-14	17:08:49	*	135	93.446	310.160	73.775	-69.511	73.785	69.773	143.558
432	2010-06-15	03:08:15	2010-06-15	04:08:49	225/45	135/0	87.979	304.649	73.823	-69.507	*	*	*
433	2010-06-16	07:08:15	2010-06-16	04:08:50	45	270	74.312	290.871	73.943	-69.497	73.930	69.777	*
434	2010-06-16	19:08:15	2010-06-16	20:08:50	90	270	66.111	282.603	74.016	-69.492	73.993	69.779	*
435	2010-06-19	03:08:15	2010-06-19	04:08:51	315	45	35.496	251.732	74.286	-69.477	74.226	*	*
436	2010-06-19	16:08:15	2010-06-19	18:08:51	315	45	28.389	244.565	74.349	-69.475	74.281	*	*
437	2010-06-20	22:08:15	2010-06-20	23:08:15	90	270	11.987	228.023	74.494	-69.471	74.406	69.803	*
438	2010-06-22	21:08:15	2010-06-22	23:08:53	270	90	346.292	202.102	74.721	-69.469	74.603	*	*
439	2010-06-23	21:08:15	2010-06-23	21:08:52	45	315	333.170	188.864	74.837	-69.470	74.703	69.831	*
440	2010-06-27	03:08:15	2010-06-27	07:08:53	135	225	290.524	145.829	75.212	-69.484	75.030	69.873	*
441	2010-06-29	18:08:15	2010-06-29	21:08:54	270	135	256.078	111.058	75.512	-69.508	75.293	*	*
442	2010-07-01	04:08:15	2010-07-01	07:08:54	135	225	237.487	92.289	75.673	-69.526	75.435	69.943	*
443	2010-07-02	00:08:15	2010-07-02	03:08:55	270	90	226.551	81.247	75.767	-69.538	75.518	*	*
444	2010-07-03	07:08:15	2010-07-03	08:08:55	270	90	209.600	64.129	75.913	-69.558	75.647	*	*
445a	2010-07-03	13:08:15	2010-07-03	14:08:55	180/90	225/315	206.319	60.816	75.941	-69.563	75.672	69.994	145.665
445b	2010-07-03	*	2010-07-03	*	*	*	*	*	*	*	*	*	*
446	2010-07-03	20:08:15	2010-07-03	22:08:55	315	45	202.492	56.950	75.974	-69.568	75.701	*	*
447	2010-07-04	12:08:15	2010-07-04	14:08:55	270	90	193.742	48.114	76.048	-69.581	75.767	*	*
448	2010-07-05	21:08:15	2010-07-05	20:08:56	315	45	176.243	30.439	76.196	-69.608	75.899	*	*
449	2010-07-06	08:08:15	2010-07-06	09:08:56	90/360	270	169.681	23.810	76.252	-69.619	75.948	*	*
450	2010-07-09	02:08:15	2010-07-09	05:08:57	225/315	135/45/270	133.587	347.346	*	*	*	*	*
451	2010-07-10	19:08:15	2010-07-10	20:08:57	45	360	111.164	324.688	76.738	-69.738	76.386	70.195	*
452	2010-07-11	09:08:15	2010-07-11	10:08:58	90	270	103.507	316.950	76.801	-69.756	76.443	70.214	*
453	2010-07-11	19:08:15	2010-07-11	20:08:58	45	360	98.037	311.423	76.845	-69.769	76.483	70.228	*
454	2010-07-14	*	2010-07-14	14:08:59	*	270	61.391	274.384	77.141	-69.866	76.754	70.327	147.080
455	2010-07-17	01:08:15	2010-07-17	02:08:59	45	315	29.117	241.758	77.397	-69.963	76.991	70.422	*
456	2010-07-18	16:08:15	2010-07-18	18:09:00	45	315	7.782	220.187	77.563	-70.032	77.147	70.489	*
457	2010-07-19	18:08:15	2010-07-19	19:09:00	45	315	353.558	205.804	77.673	-70.081	77.250	70.536	*
458	2010-07-20	*	2010-07-20	06:09:00	*	135	346.984	199.156	77.724	-70.104	77.298	70.558	147.855
459	2010-07-24	*	2010-07-24	05:09:01	*	315	295.006	146.587	78.116	-70.302	77.673	70.743	148.415
460	2010-07-25	14:08:15	2010-07-25	15:09:02	360	315	276.957	128.331	78.249	-70.377	77.802	70.812	*
461	2010-07-27	*	2010-07-27	12:09:02	*	90	251.776	102.856	78.432	-70.488	77.981	70.912	148.892
462	2010-07-28	08:08:15	2010-07-28	11:09:03	315/90	45/270	240.840	91.792	78.510	*	*	*	*
463	2010-07-30	15:08:15	2010-07-30	15:09:03	45	0/360	210.739	61.336	78.722	*	*	*	*
464	2010-08-01	04:08:15	2010-08-01	05:09:04	90	270	190.488	40.843	78.861	-70.784	78.410	71.177	*
465a	2010-08-01	09:08:15	2010-08-01	10:09:04	90	315	187.751	38.074	78.879	-70.798	78.428	71.189	149.616
465b	2010-08-01	09:54:00	2010-08-01	10:09:04	45	315	187.203	37.520	78.883	-70.800	78.432	71.192	149.623
466	2010-08-02	04:08:15	2010-08-02	04:09:04	315	45	177.351	27.549	78.950	-70.852	78.500	*	*
467	2010-08-04	09:08:15	2010-08-04	12:09:04	315	90	148.339	358.187	79.142	-71.009	78.698	*	*
468	2010-08-06	04:08:15	2010-08-06	03:09:05	45	315	125.337	334.906	79.291	-71.140	78.853	71.491	*
469	2010-08-07	*	2010-08-07	13:09:05	*	315	106.723	316.065	79.409	-71.250	78.977	71.587	150.562
470	2010-08-07	20:08:15	2010-08-07	21:09:05	90/225	270	102.900	312.194	79.433	-71.273	*	*	*
471	2010-08-08	17:08:15	2010-08-08	18:09:06	225	135	91.402	300.555	79.504	-71.342	79.078	*	*
472	2010-08-10	*	2010-08-10	08:09:06	*	90	70.039	278.929	79.635	-71.476	79.218	71.784	151.000
473	2010-08-13	23:08:15	2010-08-13	18:09:07	270	270	25.137	233.468	79.901	-71.769	79.508	72.039	*
474	2010-08-14	12:08:15	2010-08-14	13:09:07	135	225/270	15.289	223.496	79.957	*	*	*	*
475	2010-08-15	10:08:15	2010-08-15	10:09:07	180	135	3.241	211.296	80.026	-71.918	79.647	72.168	*
476	2010-08-15	14:08:15	2010-08-15	16:09:07	45	315	1.050	209.078	80.038	-71.934	79.661	72.181	*
477	2010-08-16	*	2010-08-16	01:09:07	*	135	355.016	202.969	80.072	-71.975	79.699	72.218	151.915
478	2010-08-17	17:08:15	2010-08-17	13:09:08	225	135	335.300	183.003	80.182	-72.115	79.823	*	*
479	2010-08-18	06:08:15	2010-08-18	07:09:08	45	315	325.998	173.583	80.233	-72.181	79.881	72.396	*
480	2010-08-18	08:08:15	2010-08-18	08:09:08	0/360	0/360	324.902	*	*	*	*	*	*
481	2010-08-18	16:08:15	2010-08-18	18:09:08	270	90	320.520	168.037	80.263	-72.221	79.915	*	*
482	2010-08-21	20:08:15	2010-08-21	22:09:09	135	225	278.891	125.877	80.484	-72.530	80.170	72.697	*
483	2010-08-24	07:08:15	2010-08-24	08:09:09	315	45	246.570	93.142	80.649	-72.780	80.365	*	*
484	2010-08-25	15:08:15	2010-08-25	16:09:09	315/135	45/225	229.039	75.385	80.736	*	*	*	*
485	2010-08-26	10:08:15	2010-08-26	07:09:09	315/135	45/225	220.264	66.497	80.779	*	*	*	*
486	2010-08-27	14:08:15	2010-08-27	15:09:10	135	225	203.289	49.302	80.860	-73.126	80.620	73.213	*
487	2010-08-29	10:08:15	2010-08-29	12:09:10	270	90	179.181	24.882	80.974	-73.325	80.759	*	*
488	2010-08-31	01:08:15	2010-08-31	04:09:10	90	270	157.812	3.235	81.071	-73.505	80.880	73.543	*
489	2010-08-31	22:08:15	2010-08-31	22:09:10	225	135	146.304	351.578	81.123	-73.604	80.944	*	*
490	2010-09-01	15:08:15	2010-09-01	16:09:11	225	135	136.989	342.141	81.164	-73.684	*	*	*
491	2010-09-01	23:08:15	2010-09-02	00:09:11	225	135	132.605	337.700	81.183	-73.722	*	*	*
492	2010-09-02	12:08:15	2010-09-02	14:09:11	225	135	125.481	330.483	81.214	-73.784	*	*	*
493	2010-09-04	09:08:15	2010-09-04	08:09:11	45/225	315	101.360	306.046	81.317	-73.997	*	*	*
494	2010-09-04	20:08:15	2010-09-04	21:09:11	0/225	225/315	94.793	*	*	*	*	*	*
495	2010-09-05	18:08:15	2010-09-05	19:09:11	315	45	82.737	287.178	81.395	-74.164	*	*	*
496	2010-09-07	23:08:15	2010-09-07	17:09:12	90	270	56.970	261.072	81.499	-74.399	81.425	74.327	*
497	2010-09-09	02:08:15	2010-09-09	03:09:12	225/135	225/135	38.893	*	*	*	*	*	*
498	2010-09-10	02:08:15	2010-09-10	03:09:12	270	45	25.739	229.429	81.621	-74.689	81.585	*	*
499	2010-09-10	23:08:15	2010-09-10	23:09:12	225	135	14.230	217.767	81.665	-74.797	81.643	*	*
500	2010-09-11	06:08:15	2010-09-11	07:09:12	45/225	315/135	10.393	213.880	81.679	*	*	*	*
501	2010-09-11	19:08:15	2010-09-11	20:09:12	225	135	3.268	206.661	81.706	-74.901	81.698	*	*
502	2010-09-12	09:08:15	2010-09-12	12:09:12	315	90	355.594	198.886	81.735	-74.974	81.736	*	*
503	2010-09-13	16:08:15	2010-09-13	18:09:12	315	45	338.603	181.669	81.798	-75.136	81.820	*	*
504	2010-09-14	18:08:15	2010-09-14	19:09:12	45	315	324.352	167.229	81.850	-75.274	81.890	75.104	*
505	2010-09-15	19:08:15	2010-09-15	20:09:13	45	315/135	310.649	153.343	81.899	-75.406	81.956	*	*
506	2010-09-20	14:08:15	2010-09-20	15:09:13	135	225	247.612	89.467	82.118	-76.027	82.251	75.784	*
507	2010-09-22	22:08:15	2010-09-22	21:09:13	45	315	217.454	58.905	82.219	-76.330	82.388	76.060	*
508	2010-09-27	12:08:15	2010-09-27	13:09:14	135	135	156.616	357.252	82.415	-76.950	82.651	76.630	*
509	2010-09-28	19:08:15	2010-09-28	20:09:14	90	270	139.623	340.030	82.467	-77.125	82.722	76.793	*
510	2010-09-30	17:08:15	2010-09-30	19:09:14	45	315	114.407	314.476	82.544	-77.387	82.824	77.038	*
511	2010-10-01	05:08:15	2010-10-01	06:09:14	315	45	107.829	307.809	82.564	-77.456	82.851	*	*
512	2010-10-01	18:08:15	2010-10-01	17:09:14	315	90	101.242	301.133	82.584	-77.525	82.877	*	*
513	2010-10-02	16:08:15	2010-10-02	16:09:14	180	135	88.643	288.365	82.621	-77.657	82.926	77.291	*
514	2010-10-04	19:08:15	2010-10-04	20:09:14	270	90	60.686	260.032	82.703	-77.951	83.034	*	*
515	2010-10-06	10:08:15	2010-10-06	14:09:14	90	270	39.308	238.365	82.764	-78.178	83.114	77.785	*
516	2010-10-07	15:08:15	2010-10-07	16:09:14	0	0	23.411	222.254	82.809	-78.347	83.172	77.946	*
517	2010-10-08	19:08:15	2010-10-08	20:09:14	270	90	8.063	206.699	82.853	-78.511	83.227	*	*
518	2010-10-11	01:08:15	2010-10-11	00:09:14	0	0	339.002	177.247	82.934	-78.821	83.329	78.402	*
519	2010-10-11	05:08:15	2010-10-11	06:09:14	90	270	336.270	174.478	82.942	-78.851	83.339	78.431	*
520	2010-10-14	23:08:15	2010-10-15	00:09:14	45	315	286.939	124.481	83.079	-79.379	83.505	78.946	*
521	2010-10-17	14:08:15	2010-10-17	16:09:14	315	45	252.409	89.485	83.174	-79.750	83.616	*	*
522	2010-10-17	22:08:15	2010-10-17	23:09:14	135	225	248.024	85.041	83.186	-79.797	83.630	79.357	*
523	2010-10-22	02:08:15	2010-10-22	03:09:14	45	315	193.217	29.495	83.337	-80.385	83.798	79.944	*
524	2010-10-26	00:08:15	2010-10-26	01:09:14	Halo	Halo	141.702	337.287	83.478	-80.937	83.947	80.502	*
525	2010-10-26	15:08:15	2010-10-26	16:09:14	135/315	225/0	133.482	328.957	83.501	-81.025	83.970	80.592	*
526	2010-10-27	09:08:15	2010-10-27	10:09:14	315	45	123.618	318.960	83.528	-81.130	83.997	*	*
527	2010-10-28	04:08:15	2010-10-28	06:09:13	315	45	113.207	308.408	83.556	-81.242	84.025	*	*
528	2010-10-28	16:08:15	2010-10-28	15:09:13	225	90	107.170	302.290	83.573	-81.306	84.041	*	*
529	2010-10-29	15:08:15	2010-10-29	15:09:13	225/90	135/270	94.027	288.972	83.609	*	*	*	*
530	2010-10-31	03:08:15	2010-10-31	05:09:13	225	135	74.301	268.981	83.662	-81.658	84.127	*	*
531	2010-11-03	09:08:15	2010-11-03	10:09:13	90/315	270/45	31.562	225.670	*	*	*	*	*
532	2010-11-04	03:08:15	2010-11-04	03:09:13	pH	Halo	21.700	215.676	83.805	-82.219	84.256	81.827	*
533	2010-11-04	09:08:15	2010-11-04	11:09:13	45	270	18.413	212.345	83.814	-82.254	84.264	81.864	*
534	2010-11-08	01:08:15	2010-11-08	00:09:13	315	45	330.738	164.035	83.944	-82.760	84.373	*	*
535	2010-11-09	03:08:15	2010-11-09	04:09:12	45	315	315.956	149.056	83.984	-82.916	84.405	82.563	*
536	2010-11-09	15:08:15	2010-11-09	15:09:12	225	135	309.382	142.395	84.002	-82.985	84.419	*	*
537	2010-11-10	13:08:15	2010-11-10	10:09:12	45	315	298.964	131.839	84.031	-83.094	84.442	82.754	*
538	2010-11-11	11:08:15	2010-11-11	13:09:12	270	90	285.278	117.972	84.068	-83.238	84.471	*	*
539	2010-11-11	18:08:15	2010-11-11	19:09:12	135	225	281.443	114.086	84.079	-83.278	84.479	82.950	*
540	2010-11-12	11:08:15	2010-11-12	11:09:12	135	225	272.130	104.651	84.104	-83.375	84.498	83.055	*
541	2010-11-13	11:08:15	2010-11-13	13:09:12	90	270	258.983	91.330	84.141	-83.512	84.526	83.202	*
542	2010-11-13	20:08:15	2010-11-13	20:09:12	90	270	254.053	86.335	84.155	-83.564	84.536	83.257	*
543	2010-11-14	00:08:15	2010-11-14	02:09:12	270/90	90/225	251.862	84.115	84.161	*	*	*	*
544	2010-11-14	19:08:15	2010-11-14	19:09:12	270	90	241.454	73.570	84.190	-83.694	*	*	*
545	2010-11-15	18:08:15	2010-11-15	18:09:11	90	225	228.856	60.806	84.225	-83.825	84.586	83.540	*
546	2010-11-16	14:08:15	2010-11-16	15:09:11	135	225	217.901	49.708	84.255	-83.938	84.608	83.662	*
547	2010-11-19	05:08:15	2010-11-19	08:09:11	135	225	183.394	14.749	84.353	-84.292	84.675	84.048	*
548	2010-11-20	*	2010-11-20	07:09:11	*	360	169.144	0.314	84.393	-84.437	84.702	84.207	168.908
549	2010-11-22	01:08:15	2010-11-22	03:09:10	360/90	360/270	146.150	337.022	84.458	-84.671	*	*	*
550	2010-11-23	13:08:15	2010-11-23	14:09:10	315	45	126.434	317.051	84.514	-84.870	84.780	*	*
551	2010-11-24	09:08:15	2010-11-24	10:09:10	135	270	115.481	305.956	84.545	-84.980	84.800	84.803	*
552	2010-11-26	00:08:15	2010-11-26	01:09:10	225	135	94.123	284.324	84.605	-85.194	84.837	*	*
553	2010-11-26	11:08:15	2010-11-26	11:09:10	225	135	88.099	278.222	84.622	-85.254	84.847	*	*
554	2010-11-27	04:08:15	2010-11-27	04:09:10	225	135	78.789	268.794	84.648	-85.347	84.863	*	*
555	2010-11-29	07:08:15	2010-11-29	08:09:09	90	270	50.860	240.509	84.727	-85.624	84.909	85.518	*
556	2010-11-29	23:08:15	2010-11-29	23:09:09	135/270	45/225	42.099	231.637	84.751	-85.711	*	*	*
557	2010-11-30	22:08:15	2010-11-30	23:09:09	90	270	29.504	218.883	84.786	-85.835	84.944	85.752	*
558	2010-12-02	13:08:15	2010-12-02	16:09:09	270	90	8.148	197.258	84.845	-86.045	*	*	*
559	2010-12-05	05:08:15	2010-12-05	07:09:08	270	90	333.104	161.775	84.942	-86.386	85.031	*	*
560	2010-12-06	17:08:15	2010-12-06	16:09:08	315	45	313.930	142.364	84.995	-86.572	85.059	*	*
561	2010-12-07	00:08:15	2010-12-06	23:09:08	135	225	310.098	138.484	85.005	-86.609	85.065	86.617	*
562	2010-12-07	17:08:15	2010-12-07	19:09:07	90	270	300.251	128.516	85.032	-86.703	85.079	86.723	*
563	2010-12-08	15:08:15	2010-12-08	16:09:07	45	315	288.205	116.322	85.065	-86.818	85.097	86.853	*
564	2010-12-10	12:08:15	2010-12-10	14:09:07	315	45	263.567	91.382	85.132	-87.053	85.133	*	*
565	2010-12-11	08:08:15	2010-12-11	17:09:07	270	45	252.616	80.298	85.162	-87.156	85.149	*	*
566a	2010-12-12	08:08:15	2010-12-12	10:09:06	45/135	225/315	239.476	66.999	85.198	-87.280	85.168	87.370	172.538
566b	2010-12-12	*	2010-12-12	*	*	*	*	*	*	*	*	*	*
567	2010-12-12	17:08:15	2010-12-12	19:09:06	135	225	234.549	62.012	85.211	-87.326	*	*	*
568a	2010-12-14	18:08:15	2010-12-14	19:09:06	45	315	207.721	34.862	85.283	-87.575	85.214	87.702	172.916
568b	2010-12-14	*	2010-12-14	*	*	*	*	*	*	*	*	*	*
569	2010-12-15	20:08:15	2010-12-15	21:09:06	90	270	193.486	20.458	85.322	-87.707	85.234	87.850	*
570	2010-12-16	11:08:15	2010-12-16	13:09:05	45	315	185.274	12.148	85.344	-87.782	85.246	87.935	*
571	2010-12-19	11:08:15	2010-12-19	09:09:05	90/315	270/45	146.941	333.364	*	*	*	*	*
572	2010-12-20	17:08:15	2010-12-20	19:09:04	45	315	129.431	315.650	85.492	-88.289	85.327	88.502	*
573	2010-12-21	07:08:15	2010-12-21	08:09:04	90	270	121.766	307.896	85.512	-88.357	85.338	88.579	*
574	2010-12-23	12:08:15	2010-12-23	13:09:04	90	270	92.750	278.547	85.588	-88.615	85.380	88.867	*
575	2010-12-24	16:08:15	2010-12-24	16:09:03	90	270	77.421	263.043	85.627	-88.750	85.403	89.017	*
576	2010-12-26	09:08:15	2010-12-26	10:09:03	225	135	54.975	240.344	85.684	-88.946	85.435	*	*
577	2010-12-27	05:08:15	2010-12-27	05:09:03	225/90	270/135	44.026	229.272	85.712	-89.042	*	*	*
578	2010-12-29	02:08:15	2010-12-29	05:09:02	315	45	19.390	204.362	85.773	-89.254	85.487	*	*
579	2010-12-29	23:08:15	2010-12-30	00:09:02	0	0	7.893	192.739	85.801	-89.353	85.504	89.685	*
580	2010-12-30	21:08:15	2010-12-31	03:09:02	45/315	45/315	355.849	180.563	85.830	-89.456	*	*	*
581	2010-12-31	11:08:15	2010-12-31	13:09:01	315	45	348.184	172.815	85.848	-89.521	85.533	*	*
582	2011-01-02	18:08:15	2011-01-02	19:09:01	270	90	*	*	*	*	*	*	*
583	2011-01-04	07:08:15	2011-01-04	07:09:00	270	90	*	*	*	*	*	*	*
584	2011-01-06	15:08:15	2011-01-06	15:09:00	270	90	*	*	*	*	*	*	*
585	2011-01-07	22:08:15	2011-01-08	00:08:59	270	90	*	*	*	*	*	*	*
586	2011-01-08	04:08:15	2011-01-08	10:08:59	90	270	*	*	*	*	*	*	*
587	2011-01-09	23:08:15	2011-01-10	01:08:59	45	315	*	*	*	*	*	*	*
588	2011-01-11	00:08:15	2011-01-11	01:08:58	270	90	*	*	*	*	*	*	*
589	2011-01-12	00:08:15	2011-01-12	00:08:58	315	45	*	*	*	*	*	*	*
590	2011-01-12	10:08:15	2011-01-12	11:08:58	90/270	90/270	*	*	*	*	*	*	*
591	2011-01-13	02:08:15	2011-01-13	*	135	*	*	*	*	*	*	*	*
592	2011-01-13	10:08:15	2011-01-13	10:08:58	360	360	*	*	*	*	*	*	*
593	2011-01-14	05:08:15	2011-01-14	06:08:58	360	360	*	*	*	*	*	*	*
594	2011-01-16	19:08:15	2011-01-16	20:08:57	90	270	*	*	*	*	*	*	*
595	2011-01-18	05:08:15	2011-01-18	05:08:57	315	45	*	*	*	*	*	*	*
596	2011-01-19	16:08:15	2011-01-19	19:08:57	90	270	*	*	*	*	*	*	*
597	2011-01-20	12:08:15	2011-01-20	14:08:57	225	135	*	*	*	*	*	*	*
598	2011-01-21	14:08:15	2011-01-21	22:08:55	45	315	*	*	*	*	*	*	*
599	2011-01-22	08:08:15	2011-01-22	11:08:55	90	270	*	*	*	*	*	*	*
600	2011-01-22	15:08:15	2011-01-22	16:08:55	0	0	*	*	*	*	*	*	*
601	2011-01-23	04:08:15	2011-01-23	04:08:55	360	360	*	*	*	*	*	*	*
602	2011-01-24	00:08:15	2011-01-24	01:08:55	270	90	*	*	*	*	*	*	*
603	2011-01-24	04:08:15	2011-01-24	05:08:55	90	270	*	*	*	*	*	*	*
604	2011-01-25	06:08:15	2011-01-25	07:08:54	315	45	*	*	*	*	*	*	*
605	2011-01-25	10:08:15	2011-01-25	12:08:54	45	315	*	*	*	*	*	*	*
606	2011-01-26	02:08:15	2011-01-26	03:08:54	45	315	*	*	*	*	*	*	*
607	2011-01-27	22:08:15	2011-01-27	23:08:53	315	45	*	*	*	*	*	*	*
608	2011-01-28	02:08:15	2011-01-28	02:08:53	315	45	*	*	*	*	*	*	*
609	2011-01-29	03:08:15	2011-01-29	03:08:53	315	45	*	*	*	*	*	*	*
610	2011-01-29	10:08:15	2011-01-29	11:08:53	270	90	*	*	*	*	*	*	*
611	2011-01-29	14:08:15	2011-01-29	15:08:53	90/315	270/45	*	*	*	*	*	*	*
612	2011-01-30	10:08:15	2011-01-30	10:08:53	135/45	225/315	*	*	*	*	*	*	*
613	2011-01-31	17:08:15	2011-01-31	18:08:52	315	45	*	*	*	*	*	*	*
614	2011-02-01	21:08:15	2011-02-01	22:08:52	315	45	*	*	*	*	*	*	*
615	2011-02-02	03:08:15	2011-02-02	03:08:52	315	45	*	*	*	*	*	*	*
616	2011-02-03	05:08:15	2011-02-03	08:08:52	270	90	*	*	*	*	*	*	*
617	2011-02-05	02:08:15	2011-02-05	03:08:51	315	45	*	*	*	*	*	*	*
618	2011-02-09	04:08:15	2011-02-09	05:08:50	90	270	*	*	*	*	*	*	*
619	2011-02-09	17:08:15	2011-02-09	18:08:50	270	90	*	*	*	*	*	*	*
620	2011-02-10	03:08:15	2011-02-10	04:08:50	270	90	*	*	*	*	*	*	*
621	2011-02-13	19:08:15	2011-02-13	19:08:48	90	270	*	*	*	*	*	*	*
622	2011-02-14	18:08:15	2011-02-14	19:08:48	90	270	*	*	*	*	*	*	*
623	2011-02-15	02:08:15	2011-02-15	03:08:48	90	270	*	*	*	*	*	*	*
624	2011-02-16	05:08:15	2011-02-16	04:08:48	45	315	*	*	*	*	*	*	*
625	2011-02-17	03:08:15	2011-02-17	04:08:48	45	315	*	*	*	*	*	*	*
626	2011-02-18	19:08:15	2011-02-18	19:08:47	315/90	45	*	*	*	*	*	*	*
627	2011-02-20	18:08:15	2011-02-20	18:08:47	270	90	*	*	*	*	*	*	*
628	2011-02-24	10:08:15	2011-02-24	11:08:46	180	90	*	*	*	*	*	*	*
629	2011-02-25	09:08:15	2011-02-25	09:08:45	45	315	*	*	*	*	*	*	*
630	2011-02-25	18:08:15	2011-02-25	21:08:45	90	270	*	*	*	*	*	*	*
631	2011-02-26	17:08:15	2011-02-26	17:08:45	315	45	*	*	*	*	*	*	*
632	2011-02-27	04:08:15	2011-02-27	05:08:45	90	270	*	*	*	*	*	*	*
633	2011-02-27	19:08:15	2011-02-27	19:08:45	315	45	*	*	*	*	*	*	*
634	2011-03-02	01:08:15	2011-03-02	03:08:44	135	225	*	*	*	*	*	*	*
635	2011-03-03	04:08:15	2011-03-03	06:08:44	135	225	*	*	*	*	*	*	*
636	2011-03-03	23:08:15	2011-03-03	23:08:44	45/90	270/315	*	*	*	*	*	*	*
637	2011-03-04	10:08:15	2011-03-04	10:08:44	360	360	*	*	*	*	*	*	*
638	2011-03-04	14:08:15	2011-03-04	14:08:43	270	90	*	*	*	*	*	*	*
639	2011-03-04	22:08:15	2011-03-04	22:08:43	270	90	*	*	*	*	*	*	*
640	2011-03-05	04:08:15	2011-03-05	04:08:43	270	90	*	*	*	*	*	*	*
641	2011-03-05	12:08:15	2011-03-05	12:08:43	270	90	*	*	*	*	*	*	*
642	2011-03-05	23:08:15	2011-03-05	23:08:43	0	0	*	*	*	*	*	*	*
643	2011-03-06	06:08:15	2011-03-06	06:08:43	225	135	*	*	*	*	*	*	*
644	2011-03-06	20:08:15	2011-03-06	20:08:43	225	135	*	*	*	*	*	*	*
645	2011-03-07	15:08:15	2011-03-07	15:08:43	45	315	*	*	*	*	*	*	*
646	2011-03-07	20:08:15	2011-03-07	21:08:43	45	315	*	*	*	*	*	*	*
647	2011-03-08	05:08:15	2011-03-08	05:08:43	360	360	*	*	*	*	*	*	*
648	2011-03-08	21:08:15	2011-03-08	22:08:42	180	180	*	*	*	*	*	*	*
649	2011-03-10	08:08:15	2011-03-10	10:08:42	135	225	*	*	*	*	*	*	*
650	2011-03-11	20:08:15	2011-03-11	20:08:42	45	315	*	*	*	*	*	*	*
651	2011-03-12	02:08:15	2011-03-12	03:08:42	225	135	*	*	*	*	*	*	*
652	2011-03-14	06:08:15	2011-03-14	06:08:41	90	270	*	*	*	*	*	*	*
653	2011-03-14	09:08:15	2011-03-14	09:08:41	45	315	*	*	*	*	*	*	*
654	2011-03-16	06:08:15	2011-03-16	08:08:41	45	315	*	*	*	*	*	*	*
655	2011-03-16	20:08:15	2011-03-16	20:08:41	45	315	*	*	*	*	*	*	*
656	2011-03-17	13:08:15	2011-03-17	13:08:41	225	135	*	*	*	*	*	*	*
657	2011-03-17	14:08:15	2011-03-17	14:08:41	0	0	*	*	*	*	*	*	*
658	2011-03-19	13:08:15	2011-03-19	14:08:40	360	360	*	*	*	*	*	*	*
659	2011-03-19	19:08:15	2011-03-19	19:08:40	225	135	*	*	*	*	*	*	*
660	2011-03-19	22:08:15	2011-03-19	23:08:40	90	270	*	*	*	*	*	*	*
661	2011-03-21	03:08:15	2011-03-21	03:08:40	315	45	*	*	*	*	*	*	*
662	2011-03-21	18:08:15	2011-03-21	19:08:40	225	135	*	*	*	*	*	*	*
663	2011-03-22	18:08:15	2011-03-22	18:08:40	45	315	*	*	*	*	*	*	*
664	2011-03-23	10:08:15	2011-03-23	10:08:40	270	90	*	*	*	*	*	*	*
665	2011-03-23	19:08:15	2011-03-23	19:08:39	315	45	*	*	*	*	*	*	*
666	2011-03-24	04:08:15	2011-03-24	04:08:39	45	315	*	*	*	*	*	*	*
667	2011-03-24	13:08:15	2011-03-24	13:08:39	315	45	*	*	*	*	*	*	*
668	2011-03-25	08:08:15	2011-03-25	08:08:39	90/270	270/90	*	*	*	*	*	*	*
669	2011-03-26	06:08:15	2011-03-26	07:08:39	315	45	*	*	*	*	*	*	*
670	2011-03-27	06:08:15	2011-03-27	07:08:39	90/315	45	*	*	*	*	*	*	*
671	2011-03-27	08:08:15	2011-03-27	08:08:39	225	180	*	*	*	*	*	*	*
672	2011-03-28	03:08:15	2011-03-28	04:08:39	45	315	*	*	*	*	*	*	*
673	2011-03-28	17:08:15	2011-03-28	17:08:39	315	45	*	*	*	*	*	*	*
674	2011-03-29	11:08:15	2011-03-29	12:08:39	45	315	*	*	*	*	*	*	*
675	2011-03-29	21:08:15	2011-03-29	21:08:38	360	360	*	*	*	*	*	*	*
676	2011-03-31	23:08:15	2011-03-31	23:08:38	135	225	*	*	*	*	*	*	*
677	2011-04-01	03:08:15	2011-04-01	*	135	*	*	*	*	*	*	*	*
678	2011-04-01	12:08:15	2011-04-01	*	315	*	*	*	*	*	*	*	*
679	2011-04-03	01:08:15	2011-04-03	01:08:38	135	225	*	*	*	*	*	*	*
680	2011-04-04	04:08:15	2011-04-04	05:08:38	90	270	*	*	*	*	*	*	*
681	2011-04-04	04:08:15	2011-04-04	05:08:38	315	45	*	*	*	*	*	*	*
682	2011-04-07	07:08:15	2011-04-07	08:08:37	90	270	*	*	*	*	*	*	*
683	2011-04-07	12:08:15	2011-04-07	13:08:37	225	135	*	*	*	*	*	*	*
684	2011-04-07	22:08:15	2011-04-07	22:08:37	270	90	*	*	*	*	*	*	*
685	2011-04-08	23:08:15	2011-04-09	01:08:37	90	270	*	*	*	*	*	*	*
686	2011-04-10	08:08:15	2011-04-10	08:08:37	0	0	*	*	*	*	*	*	*
687	2011-04-10	09:08:15	2011-04-10	09:08:37	45	315	*	*	*	*	*	*	*
688	2011-04-10	23:08:15	2011-04-10	23:08:37	45	315	*	*	*	*	*	*	*
689	2011-04-12	01:08:15	2011-04-12	01:08:37	45	315	*	*	*	*	*	*	*
690	2011-04-13	18:08:15	2011-04-13	20:08:37	225	135	*	*	*	*	*	*	*
691	2011-04-13	22:08:15	2011-04-13	22:08:37	270	90	*	*	*	*	*	*	*
692	2011-04-14	06:08:15	2011-04-14	07:08:37	315/45	45	*	*	*	*	*	*	*
693	2011-04-14	09:08:15	2011-04-14	09:08:37	315	45	*	*	*	*	*	*	*
694	2011-04-15	02:08:15	2011-04-15	02:08:37	90	270	*	*	*	*	*	*	*
695	2011-04-16	05:08:15	2011-04-16	05:08:37	225/45	315/135	*	*	*	*	*	*	*
696	2011-04-17	02:08:15	2011-04-17	02:08:37	45	315	*	*	*	*	*	*	*
697	2011-04-17	16:08:15	2011-04-17	16:08:36	270	90	*	*	*	*	*	*	*
698	2011-04-20	00:08:15	2011-04-20	00:08:36	45	315	*	*	*	*	*	*	*
699	2011-04-20	06:08:15	2011-04-20	07:08:36	315	45	*	*	*	*	*	*	*
700	2011-04-21	02:08:15	2011-04-21	02:08:37	315	45	*	*	*	*	*	*	*
701	2011-04-22	07:08:15	2011-04-22	07:08:36	315	45	*	*	*	*	*	*	*
702	2011-04-22	11:08:15	2011-04-22	*	45	*	*	*	*	*	*	*	*
703	2011-04-24	20:08:15	2011-04-24	20:08:36	315	45	*	*	*	*	*	*	*
704	2011-04-25	21:08:15	2011-04-25	22:08:36	270	90	*	*	*	*	*	*	*
705	2011-04-27	03:08:15	2011-04-27	03:08:36	45	315	*	*	*	*	*	*	*
706	2011-04-27	08:08:15	2011-04-27	08:08:36	315	45	*	*	*	*	*	*	*
707	2011-04-27	18:08:15	2011-04-27	19:08:36	315	45	*	*	*	*	*	*	*
708	2011-04-28	00:08:15	2011-04-28	01:08:36	315	45	*	*	*	*	*	*	*
709	2011-04-28	18:08:15	2011-04-28	18:08:36	45	315	*	*	*	*	*	*	*
710	2011-04-30	08:08:15	2011-04-30	08:08:36	315	45	*	*	*	*	*	*	*
711	2011-05-01	17:08:15	2011-05-01	17:08:36	45	315	*	*	*	*	*	*	*
712	2011-05-02	19:08:15	2011-05-02	19:08:36	90	270	*	*	*	*	*	*	*
713	2011-05-03	17:08:15	2011-05-03	18:08:36	90	270	*	*	*	*	*	*	*
714	2011-05-03	22:08:15	2011-05-03	23:08:36	90	270	*	*	*	*	*	*	*
715	2011-05-04	18:08:15	2011-05-04	22:08:36	45	315	*	*	*	*	*	*	*
716	2011-05-06	10:08:15	2011-05-06	10:08:36	270/90	270/90	*	*	*	*	*	*	*
717	2011-05-07	14:08:15	2011-05-07	15:08:36	270	90	*	*	*	*	*	*	*
718	2011-05-09	01:08:15	2011-05-09	01:08:36	315	45	*	*	*	*	*	*	*
719	2011-05-09	16:08:15	2011-05-09	16:08:36	315	45	*	*	*	*	*	*	*
720	2011-05-09	22:08:15	2011-05-09	22:08:36	225/90	270/135	*	*	*	*	*	*	*
721	2011-05-11	04:08:15	2011-05-11	04:08:37	90	270	*	*	*	*	*	*	*
722	2011-05-12	03:08:15	2011-05-12	03:08:37	225	135	*	*	*	*	*	*	*
723	2011-05-12	18:08:15	2011-05-12	21:08:37	225/45	135/315	*	*	*	*	*	*	*
724	2011-05-13	04:08:15	2011-05-13	00:08:37	45	315	*	*	*	*	*	*	*
725	2011-05-13	18:08:15	2011-05-13	19:08:37	135	225	*	*	*	*	*	*	*
726	2011-05-14	22:08:15	2011-05-15	02:08:37	225	135	*	*	*	*	*	*	*
727	2011-05-15	09:08:15	2011-05-15	09:08:37	270	90	*	*	*	*	*	*	*
728	2011-05-15	17:08:15	2011-05-15	22:08:37	90	270	*	*	*	*	*	*	*
729	2011-05-16	21:08:15	2011-05-16	23:08:37	270	90	*	*	*	*	*	*	*
730	2011-05-17	06:08:15	2011-05-17	06:08:37	45	315	*	*	*	*	*	*	*
731	2011-05-17	14:08:15	2011-05-17	14:08:37	315	45	*	*	*	*	*	*	*
732	2011-05-18	19:08:15	2011-05-18	20:08:37	360	360	*	*	*	*	*	*	*
733	2011-05-19	05:08:15	2011-05-19	06:08:37	45	315	*	*	*	*	*	*	*
734	2011-05-20	13:08:15	2011-05-20	13:08:37	315	45	*	*	*	*	*	*	*
735	2011-05-20	22:08:15	2011-05-20	22:08:37	270	90	*	*	*	*	*	*	*
736	2011-05-23	04:08:15	2011-05-23	04:08:38	45	315	*	*	*	*	*	*	*
737	2011-05-23	19:08:15	2011-05-23	19:08:38	270	90	*	*	*	*	*	*	*
738	2011-05-24	00:08:15	2011-05-24	00:08:38	315	45	*	*	*	*	*	*	*
739	2011-05-24	23:08:15	2011-05-24	23:08:38	315	45	*	*	*	*	*	*	*
740	2011-05-25	13:08:15	2011-05-25	13:08:38	90	270	*	*	*	*	*	*	*
741	2011-05-27	19:08:15	2011-05-27	19:08:38	90	270	*	*	*	*	*	*	*
742	2011-05-28	19:08:15	2011-05-28	19:08:38	0	0	*	*	*	*	*	*	*
743	2011-05-29	12:08:15	2011-05-29	12:08:39	90	270	*	*	*	*	*	*	*
744	2011-05-29	17:08:15	2011-05-29	17:08:39	90	270	*	*	*	*	*	*	*
745	2011-05-29	22:08:15	2011-05-29	22:08:39	90	270	*	*	*	*	*	*	*
746	2011-05-30	*	2011-05-30	13:08:39	*	270/45	*	*	*	*	*	*	*
747	2011-05-31	03:08:15	2011-05-31	03:08:39	315	45	*	*	*	*	*	*	*
748	2011-06-01	04:08:15	2011-06-01	06:08:39	90	270	*	*	*	*	*	*	*
749	2011-06-01	13:08:15	2011-06-01	13:08:39	315	45	*	*	*	*	*	*	*
750	2011-06-01	18:08:15	2011-06-01	19:08:39	90	270	*	*	*	*	*	*	*
751	2011-06-02	08:08:15	2011-06-02	08:08:39	90	270	*	*	*	*	*	*	*
752	2011-06-02	11:08:15	2011-06-02	11:08:39	90	270	*	*	*	*	*	*	*
753	2011-06-03	05:08:15	2011-06-03	11:08:39	135	225	*	*	*	*	*	*	*
754	2011-06-04	07:08:15	2011-06-04	07:08:40	360	360	*	*	*	*	*	*	*
755	2011-06-04	22:08:15	2011-06-04	22:08:40	360	360	*	*	*	*	*	*	*
756	2011-06-05	06:08:15	2011-06-05	07:08:40	45	315	*	*	*	*	*	*	*
757	2011-06-06	08:08:15	2011-06-06	09:08:40	90/180	270/180	*	*	*	*	*	*	*
758	2011-06-07	07:08:15	2011-06-07	07:08:40	135	225	*	*	*	*	*	*	*
759	2011-06-07	19:08:15	2011-06-07	19:08:40	270	90	*	*	*	*	*	*	*
760	2011-06-08	08:08:15	2011-06-08	08:08:40	315	45	*	*	*	*	*	*	*
761	2011-06-08	23:08:15	2011-06-08	23:08:40	315	45	*	*	*	*	*	*	*
762	2011-06-09	09:08:15	2011-06-09	10:08:40	0	0	*	*	*	*	*	*	*
763	2011-06-10	10:08:15	2011-06-10	11:08:41	90	270	*	*	*	*	*	*	*
764	2011-06-10	19:08:15	2011-06-10	21:08:41	45	315	*	*	*	*	*	*	*
765	2011-06-11	02:08:15	2011-06-11	02:08:41	315	45	*	*	*	*	*	*	*
766	2011-06-11	08:08:15	2011-06-11	09:08:41	90	270	*	*	*	*	*	*	*
767	2011-06-11	14:08:15	2011-06-11	14:08:41	45	315	*	*	*	*	*	*	*
768	2011-06-12	02:08:15	2011-06-12	03:08:41	225	135	*	*	*	*	*	*	*
769	2011-06-12	18:08:15	2011-06-12	20:08:41	360	360	*	*	*	*	*	*	*
770	2011-06-13	05:08:15	2011-06-13	05:08:41	270	90	*	*	*	*	*	*	*
771	2011-06-13	21:08:15	2011-06-13	21:08:41	0	0	*	*	*	*	*	*	*
772	2011-06-14	08:08:15	2011-06-14	08:08:41	90	270	*	*	*	*	*	*	*
773	2011-06-15	16:08:15	2011-06-15	19:08:42	180	180	*	*	*	*	*	*	*
774	2011-06-18	16:08:15	2011-06-18	17:08:42	45	315	*	*	*	*	*	*	*
775	2011-06-19	18:08:15	2011-06-19	18:08:43	135	225	*	*	*	*	*	*	*
776	2011-06-20	19:08:15	2011-06-20	19:08:43	270	90	*	*	*	*	*	*	*
777	2011-06-21	03:08:15	2011-06-21	03:08:43	90	270	*	*	*	*	*	*	*
778	2011-06-23	13:08:15	2011-06-23	13:08:44	90	270	*	*	*	*	*	*	*
779	2011-06-26	23:08:15	2011-06-26	23:08:44	270	90	*	*	*	*	*	*	*
780	2011-06-28	05:08:15	2011-06-28	05:08:45	135	225	*	*	*	*	*	*	*
781	2011-06-28	20:08:15	2011-06-28	20:08:45	315	45	*	*	*	*	*	*	*
782	2011-06-30	11:08:15	2011-06-30	*	315	*	*	*	*	*	*	*	*
783	2011-07-02	00:24:00	2011-07-02	00:24:31	45	315	*	*	*	*	*	*	*
784	2011-07-02	07:54:00	2011-07-02	07:54:31	270	90	*	*	*	*	*	*	*
785	2011-07-02	22:54:00	2011-07-02	23:54:31	270	90	*	*	*	*	*	*	*
786	2011-07-03	00:54:00	2011-07-03	01:54:31	90	270	*	*	*	*	*	*	*
787	2011-07-03	04:54:00	2011-07-03	04:54:31	270	90	*	*	*	*	*	*	*
788	2011-07-04	02:54:00	2011-07-04	02:54:31	0	0	*	*	*	*	*	*	*
789	2011-07-04	16:54:00	2011-07-04	19:54:32	225	135	*	*	*	*	*	*	*
790	2011-07-06	02:54:00	2011-07-06	05:54:32	45/135	315/225	*	*	*	*	*	*	*
791	2011-07-06	11:54:00	2011-07-06	12:54:32	45	315	*	*	*	*	*	*	*
792	2011-07-07	01:54:00	2011-07-07	01:54:32	270	90	*	*	*	*	*	*	*
793	2011-07-07	14:54:00	2011-07-07	14:54:32	90	270	*	*	*	*	*	*	*
794	2011-07-09	00:54:00	2011-07-09	00:54:33	90	270	*	*	*	*	*	*	*
795	2011-07-09	17:54:00	2011-07-09	17:54:33	315	45	*	*	*	*	*	*	*
796	2011-07-09	21:54:00	2011-07-09	21:54:33	315	45	*	*	*	*	*	*	*
797	2011-07-10	13:54:00	2011-07-10	13:54:33	0	0	*	*	*	*	*	*	*
798	2011-07-11	11:54:00	2011-07-11	11:54:33	90	270	*	*	*	*	*	*	*
799	2011-07-12	11:54:00	2011-07-12	12:54:34	90	270	*	*	*	*	*	*	*
800	2011-07-13	18:54:00	2011-07-13	19:54:34	90	270	*	*	*	*	*	*	*
801	2011-07-14	08:54:00	2011-07-14	09:54:34	270	90	*	*	*	*	*	*	*
802	2011-07-14	11:54:00	2011-07-14	12:54:34	45/270	315	*	*	*	*	*	*	*
803	2011-07-15	20:54:00	2011-07-15	21:54:35	225	135	*	*	*	*	*	*	*
804	2011-07-16	07:54:00	2011-07-16	07:54:35	270	90	*	*	*	*	*	*	*
805	2011-07-16	15:54:00	2011-07-16	17:54:35	0	0	*	*	*	*	*	*	*
806	2011-07-18	01:54:00	2011-07-18	02:54:35	270	90	*	*	*	*	*	*	*
807	2011-07-18	06:54:00	2011-07-18	08:54:35	45	315	*	*	*	*	*	*	*
808	2011-07-18	22:54:00	2011-07-18	22:54:36	315	45	*	*	*	*	*	*	*
809	2011-07-20	12:54:00	2011-07-20	12:54:36	315	45	*	*	*	*	*	*	*
810	2011-07-21	17:54:00	2011-07-21	20:54:36	225	135	*	*	*	*	*	*	*
811	2011-07-23	13:54:00	2011-07-23	13:54:37	270	90	*	*	*	*	*	*	*
812	2011-07-24	17:54:00	2011-07-24	19:54:37	45	315	*	*	*	*	*	*	*
813	2011-07-25	17:54:00	2011-07-25	17:54:38	270	90	*	*	*	*	*	*	*
814	2011-07-26	03:54:00	2011-07-26	03:54:38	270	90	*	*	*	*	*	*	*
815	2011-07-27	02:54:00	2011-07-27	03:54:38	270	90	*	*	*	*	*	*	*
816	2011-07-27	06:54:00	2011-07-27	06:54:38	45	315	*	*	*	*	*	*	*
817	2011-07-28	17:54:00	2011-07-28	19:54:38	225	135	*	*	*	*	*	*	*
818	2011-08-02	06:54:00	2011-08-02	06:54:40	90	270	*	*	*	*	*	*	*
819	2011-08-02	18:54:00	2011-08-02	19:54:40	45	315	*	*	*	*	*	*	*
820	2011-08-03	01:54:00	2011-08-03	02:54:40	90	270	*	*	*	*	*	*	*
821	2011-08-03	13:54:00	2011-08-03	13:54:40	90	270	*	*	*	*	*	*	*
822	2011-08-04	04:54:00	2011-08-04	04:54:40	45/90	270/315	*	*	*	*	*	*	*
823	2011-08-04	06:54:00	2011-08-04	06:54:40	315	45	*	*	*	*	*	*	*
824	2011-08-06	12:54:00	2011-08-06	16:54:41	135	225	*	*	*	*	*	*	*
825	2011-08-06	23:54:00	2011-08-07	02:54:41	90	270	*	*	*	*	*	*	*
826	2011-08-07	11:54:00	2011-08-07	11:54:41	90	270	*	*	*	*	*	*	*
827	2011-08-07	15:54:00	2011-08-07	19:54:41	90	270	*	*	*	*	*	*	*
828	2011-08-08	04:54:00	2011-08-08	05:54:42	45	315	*	*	*	*	*	*	*
829	2011-08-08	18:54:00	2011-08-08	19:54:42	90	270	*	*	*	*	*	*	*
830	2011-08-09	08:54:00	2011-08-09	08:52:27	90	270	*	*	*	*	*	*	*
831	2011-08-11	11:54:00	2011-08-11	11:54:43	45/90	270/315	*	*	*	*	*	*	*
832	2011-08-12	08:54:00	2011-08-12	08:54:43	45	315	*	*	*	*	*	*	*
833	2011-08-12	13:54:00	2011-08-12	13:54:43	315	45	*	*	*	*	*	*	*
834	2011-08-13	10:54:00	2011-08-13	10:54:43	315	45	*	*	*	*	*	*	*
835	2011-08-14	08:54:00	2011-08-14	08:54:43	270	90	*	*	*	*	*	*	*
836	2011-08-16	08:54:00	2011-08-16	08:54:44	270	90	*	*	*	*	*	*	*
837	2011-08-16	11:54:00	2011-08-16	11:54:44	0	0	*	*	*	*	*	*	*
838	2011-08-17	03:54:00	2011-08-17	04:54:44	360	360	*	*	*	*	*	*	*
839	2011-08-18	15:54:00	2011-08-18	15:54:45	315	90	*	*	*	*	*	*	*
840	2011-08-21	00:54:00	2011-08-20	23:54:45	135	225	*	*	*	*	*	*	*
841	2011-08-24	00:54:00	2011-08-24	00:54:46	270	90	*	*	*	*	*	*	*
842	2011-08-24	14:54:00	2011-08-24	15:54:46	225	135	*	*	*	*	*	*	*
843	2011-08-25	20:54:00	2011-08-25	20:54:47	90	270	*	*	*	*	*	*	*
844	2011-08-27	15:54:00	2011-08-27	15:54:47	315	45	*	*	*	*	*	*	*
845	2011-08-28	07:54:00	2011-08-28	07:54:47	315	45	*	*	*	*	*	*	*
846	2011-08-28	14:54:00	2011-08-28	14:54:47	315	45	*	*	*	*	*	*	*
847	2011-08-29	16:54:00	2011-08-29	16:54:48	315	45	*	*	*	*	*	*	*
848	2011-08-30	14:54:00	2011-08-30	14:54:48	315	45	*	*	*	*	*	*	*
849	2011-08-31	17:54:00	2011-09-01	02:54:48	45	315	*	*	*	*	*	*	*
850	2011-09-01	12:54:00	2011-09-01	13:54:48	315	45	*	*	*	*	*	*	*
851	2011-09-02	07:54:00	2011-09-02	10:54:49	225/90	135/270	*	*	*	*	*	*	*
852	2011-09-02	23:54:00	2011-09-02	23:54:49	315	45	*	*	*	*	*	*	*
853	2011-09-03	14:54:00	2011-09-03	14:54:49	270	90	*	*	*	*	*	*	*
854	2011-09-03	17:54:00	2011-09-03	18:54:49	270	90	*	*	*	*	*	*	*
855	2011-09-05	02:54:00	2011-09-05	02:54:49	360	360	*	*	*	*	*	*	*
856	2011-09-05	12:54:00	2011-09-05	12:54:49	225	135	*	*	*	*	*	*	*
857	2011-09-06	02:54:00	2011-09-06	02:54:50	45	315	*	*	*	*	*	*	*
858	2011-09-06	05:54:00	2011-09-06	05:54:50	315	45	*	*	*	*	*	*	*
859	2011-09-06	11:54:00	2011-09-06	12:54:50	180	135	*	*	*	*	*	*	*
860	2011-09-06	18:54:00	2011-09-06	19:54:50	0	45	*	*	*	*	*	*	*
861	2011-09-06	22:54:00	2011-09-06	22:54:50	45	315	*	*	*	*	*	*	*
862	2011-09-07	02:54:00	2011-09-07	02:54:50	315	45	*	*	*	*	*	*	*
863	2011-09-07	06:54:00	2011-09-07	06:54:50	315/270	45/90	*	*	*	*	*	*	*
864	2011-09-07	13:54:00	2011-09-07	13:54:50	315	45	*	*	*	*	*	*	*
865	2011-09-07	18:54:00	2011-09-07	19:54:50	270	90	*	*	*	*	*	*	*
866	2011-09-07	20:54:00	2011-09-07	21:54:50	0	45	*	*	*	*	*	*	*
867	2011-09-07	23:54:00	2011-09-07	23:54:50	45	315	*	*	*	*	*	*	*
868	2011-09-08	04:54:00	2011-09-08	04:54:50	135	225	*	*	*	*	*	*	*
869	2011-09-08	06:54:00	2011-09-08	07:54:50	45	315	*	*	*	*	*	*	*
870	2011-09-08	22:54:00	2011-09-08	22:54:50	315	45	*	*	*	*	*	*	*
871a	2011-09-09	07:54:00	2011-09-09	09:54:50	90/45	270/315	*	*	*	*	*	*	*
871b	2011-09-09	*	2011-09-09	*	*	*	*	*	*	*	*	*	*
872	2011-09-09	17:54:00	2011-09-09	17:54:51	270	90	*	*	*	*	*	*	*
873	2011-09-10	03:54:00	2011-09-10	03:54:51	45	315	*	*	*	*	*	*	*
874	2011-09-10	10:54:00	2011-09-10	11:54:51	90	270	*	*	*	*	*	*	*
875	2011-09-11	09:54:00	2011-09-11	11:54:51	270	45	*	*	*	*	*	*	*
876	2011-09-13	07:54:00	2011-09-13	*	0	*	*	*	*	*	*	*	*
877	2011-09-13	13:54:00	2011-09-13	13:54:51	0	45	*	*	*	*	*	*	*
878	2011-09-13	18:54:00	2011-09-13	19:54:51	0	0	*	*	*	*	*	*	*
879	2011-09-13	23:54:00	2011-09-13	23:54:52	45	315	*	*	*	*	*	*	*
880	2011-09-14	18:54:00	2011-09-14	18:54:52	45	315	*	*	*	*	*	*	*
881	2011-09-14	21:54:00	2011-09-14	23:54:52	90	270	*	*	*	*	*	*	*
882	2011-09-17	00:54:00	2011-09-17	01:54:52	45	315	*	*	*	*	*	*	*
883	2011-09-18	09:54:00	2011-09-18	09:54:53	180	135	*	*	*	*	*	*	*
884	2011-09-18	14:54:00	2011-09-18	15:54:53	270	90	*	*	*	*	*	*	*
885	2011-09-19	01:54:00	2011-09-19	01:54:53	315	45	*	*	*	*	*	*	*
886	2011-09-19	07:54:00	2011-09-19	07:54:53	0/135	225/360	*	*	*	*	*	*	*
887	2011-09-19	10:54:00	2011-09-19	*	45	*	*	*	*	*	*	*	*
888	2011-09-19	23:54:00	2011-09-20	00:54:54	315	45	*	*	*	*	*	*	*
889	2011-09-21	17:54:00	2011-09-21	18:54:53	315	45	*	*	*	*	*	*	*
890	2011-09-21	22:54:00	2011-09-21	22:54:53	360	360	*	*	*	*	*	*	*
891	2011-09-22	11:54:00	2011-09-22	11:54:53	360	360	*	*	*	*	*	*	*
892	2011-09-22	20:54:00	2011-09-22	20:54:53	315	45	*	*	*	*	*	*	*
893	2011-09-23	14:54:00	2011-09-23	18:54:54	45	315	*	*	*	*	*	*	*
894	2011-09-23	22:54:00	2011-09-23	22:54:54	45	315	*	*	*	*	*	*	*
895	2011-09-24	01:54:00	2011-09-24	01:54:54	135	270	*	*	*	*	*	*	*
896	2011-09-24	10:54:00	2011-09-24	10:54:54	90	270	*	*	*	*	*	*	*
897	2011-09-24	13:54:00	2011-09-24	13:54:54	360	360	*	*	*	*	*	*	*
898	2011-09-24	19:54:00	2011-09-24	19:54:54	45/135	225/315	*	*	*	*	*	*	*
899	2011-09-25	01:54:00	2011-09-25	02:54:54	135	225	*	*	*	*	*	*	*
900	2011-09-25	05:54:00	2011-09-25	05:54:54	135	270	*	*	*	*	*	*	*
901	2011-09-25	08:54:00	2011-09-25	10:54:54	135/0	225/0	*	*	*	*	*	*	*
902	2011-09-26	05:54:00	2011-09-26	05:54:54	90	0	*	*	*	*	*	*	*
903	2011-09-27	01:54:00	2011-09-27	02:54:54	90	270	*	*	*	*	*	*	*
904	2011-09-27	04:54:00	2011-09-27	05:54:54	225/0	135/0	*	*	*	*	*	*	*
905	2011-09-28	17:54:00	2011-09-28	18:54:55	90	270	*	*	*	*	*	*	*
906a	2011-09-29	19:54:00	2011-09-29	19:54:55	225/315	45/135	*	*	*	*	*	*	*
906b	2011-09-29	19:54:00	2011-09-29	19:54:55	225/315	45/135	*	*	*	*	*	*	*
907	2011-09-30	01:54:00	2011-09-30	01:54:55	315	45	*	*	*	*	*	*	*
908	2011-09-30	20:54:00	2011-09-30	20:54:55	90	270	*	*	*	*	*	*	*
909	2011-10-01	00:54:00	2011-10-01	01:54:55	315	45	*	*	*	*	*	*	*
910	2011-10-01	10:54:00	2011-10-01	10:54:55	90	270	*	*	*	*	*	*	*
911	2011-10-01	21:54:00	2011-10-01	21:54:55	360	360	*	*	*	*	*	*	*
912	2011-10-02	01:54:00	2011-10-02	02:54:55	90	270	*	*	*	*	*	*	*
913	2011-10-02	07:54:00	2011-10-02	07:54:55	45	315	*	*	*	*	*	*	*
914	2011-10-03	02:54:00	2011-10-03	04:54:55	45	0	*	*	*	*	*	*	*
915	2011-10-03	21:54:00	2011-10-04	01:54:56	90	270	*	*	*	*	*	*	*
916	2011-10-04	16:53:59	2011-10-04	13:54:56	360	45	*	*	*	*	*	*	*
917	2011-10-04	20:54:00	2011-10-04	20:54:56	90	270	*	*	*	*	*	*	*
918	2011-10-05	03:54:00	2011-10-05	04:54:56	45	315	*	*	*	*	*	*	*
919	2011-10-05	13:54:00	2011-10-05	16:54:56	135	225	*	*	*	*	*	*	*
920	2011-10-07	17:54:00	2011-10-07	19:54:56	45	315	*	*	*	*	*	*	*
921	2011-10-08	23:54:00	2011-10-09	01:54:56	180	180	*	*	*	*	*	*	*
922	2011-10-09	12:54:00	2011-10-09	13:54:56	270	90	*	*	*	*	*	*	*
923	2011-10-10	04:54:00	2011-10-10	04:54:57	270	90	*	*	*	*	*	*	*
924	2011-10-10	10:54:00	2011-10-10	11:54:57	0	0	*	*	*	*	*	*	*
925	2011-10-13	02:54:00	2011-10-13	02:54:57	270/45	315/90	*	*	*	*	*	*	*
926	2011-10-13	17:54:00	2011-10-13	*	270	*	*	*	*	*	*	*	*
927	2011-10-14	09:54:00	2011-10-14	10:54:57	315	45	*	*	*	*	*	*	*
928	2011-10-14	12:54:00	2011-10-14	12:54:57	270	90	*	*	*	*	*	*	*
929	2011-10-14	20:54:00	2011-10-14	21:54:57	315	0	*	*	*	*	*	*	*
930	2011-10-15	06:54:00	2011-10-15	07:54:57	270/45	90	*	*	*	*	*	*	*
931	2011-10-15	09:54:00	2011-10-15	10:54:57	315	45	*	*	*	*	*	*	*
932	2011-10-16	17:54:00	2011-10-16	19:54:57	45	0	*	*	*	*	*	*	*
933	2011-10-17	12:54:00	2011-10-17	10:54:57	135	225	*	*	*	*	*	*	*
934	2011-10-18	09:54:00	2011-10-18	11:54:58	180	180	*	*	*	*	*	*	*
935	2011-10-19	13:24:00	2011-10-19	13:54:58	315	45	*	*	*	*	*	*	*
936	2011-10-20	04:54:00	2011-10-20	04:54:58	315	45	*	*	*	*	*	*	*
937	2011-10-20	15:54:00	2011-10-20	15:54:58	315	45	*	*	*	*	*	*	*
938	2011-10-21	09:54:00	2011-10-21	09:54:58	315	45	*	*	*	*	*	*	*
939	2011-10-21	14:54:00	2011-10-21	21:54:58	135	225	*	*	*	*	*	*	*
940	2011-10-22	00:24:00	2011-10-22	00:24:58	45	315/0	*	*	*	*	*	*	*
941	2011-10-22	10:54:00	2011-10-22	11:54:58	315/90	315/90	*	*	*	*	*	*	*
942	2011-10-22	19:54:00	2011-10-22	19:54:58	270/135	135/270	*	*	*	*	*	*	*
943	2011-10-22	21:54:00	2011-10-22	21:54:58	0	0	*	*	*	*	*	*	*
944	2011-10-23	01:54:00	2011-10-23	02:54:58	225	135	*	*	*	*	*	*	*
945	2011-10-23	14:54:00	2011-10-23	17:54:58	135	225	*	*	*	*	*	*	*
946	2011-10-24	00:54:00	2011-10-24	00:54:58	315	45	*	*	*	*	*	*	*
947	2011-10-24	04:54:00	2011-10-24	05:54:58	315	0	*	*	*	*	*	*	*
948	2011-10-25	13:54:00	2011-10-25	12:54:58	225	270	*	*	*	*	*	*	*
949	2011-10-26	*	2011-10-26	09:54:58	*	135	*	*	*	*	*	*	*
950	2011-10-26	12:54:00	2011-10-26	11:54:58	90	270	*	*	*	*	*	*	*
951	2011-10-26	20:54:00	2011-10-26	21:54:58	225	135	*	*	*	*	*	*	*
952	2011-10-27	03:54:00	2011-10-27	04:54:58	225	135	*	*	*	*	*	*	*
953	2011-10-27	12:54:00	2011-10-27	12:54:58	45	315	*	*	*	*	*	*	*
954	2011-10-28	00:54:00	2011-10-28	01:54:58	225/315	135/45	*	*	*	*	*	*	*
955	2011-10-28	19:54:00	2011-10-28	20:54:59	315	45	*	*	*	*	*	*	*
956	2011-10-28	20:54:00	2011-10-28	22:54:59	90	315	*	*	*	*	*	*	*
957	2011-10-28	21:54:00	2011-10-28	21:54:59	225	135	*	*	*	*	*	*	*
958	2011-10-29	02:54:00	2011-10-29	03:54:59	90	315	*	*	*	*	*	*	*
959	2011-10-29	16:54:00	2011-10-29	17:54:59	315	45	*	*	*	*	*	*	*
960	2011-10-30	16:54:00	2011-10-30	17:54:59	270	90	*	*	*	*	*	*	*
961	2011-10-31	14:54:00	2011-10-31	15:54:59	270	90	*	*	*	*	*	*	*
962	2011-10-31	16:54:00	2011-10-31	17:54:59	45	315	*	*	*	*	*	*	*
963	2011-11-01	09:54:00	2011-11-01	11:54:59	45	315	*	*	*	*	*	*	*
964	2011-11-01	17:54:00	2011-11-01	17:54:59	45	315	*	*	*	*	*	*	*
965	2011-11-02	03:54:00	2011-11-02	04:54:59	45	315	*	*	*	*	*	*	*
966	2011-11-03	00:54:00	2011-11-03	01:54:59	0	0	*	*	*	*	*	*	*
967	2011-11-03	22:54:00	2011-11-03	22:54:59	270	90	*	*	*	*	*	*	*
968	2011-11-04	01:54:00	2011-11-04	02:54:59	270	90	*	*	*	*	*	*	*
969	2011-11-05	02:54:00	2011-11-05	03:54:59	45	315	*	*	*	*	*	*	*
970	2011-11-06	19:54:00	2011-11-06	19:54:59	270	90	*	*	*	*	*	*	*
971	2011-11-08	00:54:00	2011-11-08	00:54:59	45	315	*	*	*	*	*	*	*
972	2011-11-08	03:54:00	2011-11-08	04:54:59	270	90	*	*	*	*	*	*	*
973	2011-11-08	12:54:00	2011-11-08	14:54:59	0	45	*	*	*	*	*	*	*
974	2011-11-09	09:54:00	2011-11-09	09:54:59	135	225	*	*	*	*	*	*	*
975	2011-11-09	13:54:00	2011-11-09	13:54:59	45	315	*	*	*	*	*	*	*
976	2011-11-09	20:54:00	2011-11-09	22:54:59	0/45	0	*	*	*	*	*	*	*
977	2011-11-10	04:54:00	2011-11-10	04:54:59	315/90	90	*	*	*	*	*	*	*
978	2011-11-11	07:54:00	2011-11-11	08:54:59	135	225	*	*	*	*	*	*	*
979	2011-11-11	18:54:00	2011-11-11	*	90	*	*	*	*	*	*	*	*
980	2011-11-12	19:54:00	2011-11-12	20:54:59	360	360	*	*	*	*	*	*	*
981	2011-11-13	18:54:00	2011-11-13	18:54:59	270/315	45/90	*	*	*	*	*	*	*
982	2011-11-14	17:54:00	2011-11-14	18:54:59	0	315	*	*	*	*	*	*	*
983	2011-11-14	20:54:00	2011-11-14	21:54:59	135	225	*	*	*	*	*	*	*
984	2011-11-14	21:54:00	2011-11-14	21:54:59	315	45	*	*	*	*	*	*	*
985	2011-11-15	05:54:00	2011-11-15	06:54:59	270	90	*	*	*	*	*	*	*
986	2011-11-15	10:54:00	2011-11-15	10:54:59	45	315	*	*	*	*	*	*	*
987	2011-11-15	21:54:00	2011-11-15	02:54:59	180	225	*	*	*	*	*	*	*
988	2011-11-16	04:54:00	2011-11-16	04:54:59	45	0	*	*	*	*	*	*	*
989	2011-11-17	17:54:00	2011-11-17	19:54:59	135	225	*	*	*	*	*	*	*
990	2011-11-17	*	2011-11-17	21:54:59	*	360	*	*	*	*	*	*	*
991	2011-11-17	*	2011-11-17	23:54:59	*	45	*	*	*	*	*	*	*
992	2011-11-18	*	2011-11-18	03:54:59	*	0	*	*	*	*	*	*	*
993	2011-11-18	12:54:00	2011-11-18	10:54:59	315	45	*	*	*	*	*	*	*
994	2011-11-18	19:54:00	2011-11-18	*	225	*	*	*	*	*	*	*	*
995	2011-11-19	03:54:00	2011-11-19	03:54:59	315/0	45	*	*	*	*	*	*	*
996	2011-11-19	11:54:00	2011-11-19	11:54:59	0	45	*	*	*	*	*	*	*
997	2011-11-20	16:54:00	2011-11-20	18:54:59	90	315	*	*	*	*	*	*	*
998	2011-11-20	22:54:00	2011-11-21	00:54:59	315	45	*	*	*	*	*	*	*
999	2011-11-21	16:54:00	2011-11-21	16:54:59	0	0	*	*	*	*	*	*	*
1000	2011-11-22	02:54:00	2011-11-22	02:54:59	0	45	*	*	*	*	*	*	*
1001	2011-11-22	07:54:00	2011-11-22	07:54:59	90	270	*	*	*	*	*	*	*
1002	2011-11-22	22:54:00	2011-11-22	22:54:59	45	0	*	*	*	*	*	*	*
1003	2011-11-23	01:54:00	2011-11-23	01:54:59	315	45	*	*	*	*	*	*	*
1004	2011-11-23	*	2011-11-23	09:54:59	*	45	*	*	*	*	*	*	*
1005	2011-11-24	02:54:00	2011-11-24	02:54:59	360	360	*	*	*	*	*	*	*
1006	2011-11-25	02:54:00	2011-11-25	08:54:59	135/315	225/0	*	*	*	*	*	*	*
1007	2011-11-26	07:54:00	2011-11-26	07:54:59	90	315	*	*	*	*	*	*	*
1008	2011-11-27	11:54:00	2011-11-27	*	90	*	*	*	*	*	*	*	*
1009	2011-11-27	14:54:00	2011-11-27	14:54:59	270	90	*	*	*	*	*	*	*
1010	2011-11-27	22:54:00	2011-11-27	23:54:59	90	315	*	*	*	*	*	*	*
1011	2011-11-28	07:54:00	2011-11-28	07:54:59	0/90	315	*	*	*	*	*	*	*
1012	2011-11-28	20:54:00	2011-11-28	22:54:59	90	270	*	*	*	*	*	*	*
1013	2011-11-29	23:54:00	2011-11-29	00:54:59	225	135	*	*	*	*	*	*	*
1014	2011-11-30	22:54:00	2011-11-30	22:54:58	45/225	315/135	*	*	*	*	*	*	*
1015	2011-12-01	10:54:00	2011-12-01	11:54:58	45	315	*	*	*	*	*	*	*
1016	2011-12-02	12:54:00	2011-12-02	14:54:58	225	135	*	*	*	*	*	*	*
1017	2011-12-02	19:54:00	2011-12-02	20:54:58	0	0	*	*	*	*	*	*	*
1018	2011-12-03	08:54:00	2011-12-03	08:54:58	225	135	*	*	*	*	*	*	*
1019	2011-12-03	12:54:00	2011-12-03	12:54:58	315/45	45	*	*	*	*	*	*	*
1020	2011-12-03	17:54:00	2011-12-03	17:54:58	315	45	*	*	*	*	*	*	*
1021	2011-12-04	20:54:00	2011-12-04	20:54:58	45	45	*	*	*	*	*	*	*
1022	2011-12-05	20:54:00	2011-12-05	20:54:58	180	225	*	*	*	*	*	*	*
1023	2011-12-06	10:54:00	2011-12-06	10:54:58	315	45	*	*	*	*	*	*	*
1024	2011-12-07	05:54:00	2011-12-07	05:54:58	315	45	*	*	*	*	*	*	*
1025	2011-12-07	09:54:00	2011-12-07	09:54:58	270	90	*	*	*	*	*	*	*
1026	2011-12-07	19:54:00	2011-12-07	19:54:58	270	90	*	*	*	*	*	*	*
1027	2011-12-08	12:54:00	2011-12-08	16:54:58	180	225	*	*	*	*	*	*	*
1028	2011-12-08	19:54:00	2011-12-08	19:54:58	315	90	*	*	*	*	*	*	*
1029	2011-12-09	09:54:00	2011-12-09	09:54:58	225	315/135	*	*	*	*	*	*	*
1030	2011-12-09	12:54:00	2011-12-09	13:54:58	270	90	*	*	*	*	*	*	*
1031	2011-12-10	12:54:00	2011-12-10	12:54:58	0	0	*	*	*	*	*	*	*
1032	2011-12-10	20:54:00	2011-12-10	20:54:57	270/45	45	*	*	*	*	*	*	*
1033	2011-12-11	05:54:00	2011-12-11	06:54:57	270	90	*	*	*	*	*	*	*
1034	2011-12-11	08:54:00	2011-12-11	08:54:57	45	315	*	*	*	*	*	*	*
1035	2011-12-11	13:54:00	2011-12-11	13:54:57	0	45	*	*	*	*	*	*	*
1036	2011-12-12	20:54:00	2011-12-12	20:54:57	315	45	*	*	*	*	*	*	*
1037	2011-12-13	02:54:00	2011-12-13	04:54:57	135	225	*	*	*	*	*	*	*
1038	2011-12-14	06:54:00	2011-12-14	08:54:57	135	135/225	*	*	*	*	*	*	*
1039	2011-12-14	11:54:00	2011-12-14	*	90	*	*	*	*	*	*	*	*
1040	2011-12-14	15:54:00	2011-12-14	16:54:57	315	45	*	*	*	*	*	*	*
1041	2011-12-15	06:54:00	2011-12-15	09:54:57	135	225	*	*	*	*	*	*	*
1042	2011-12-15	15:54:00	2011-12-15	17:54:57	45	315	*	*	*	*	*	*	*
1043	2011-12-16	04:54:00	2011-12-16	04:54:57	90/315	45	*	*	*	*	*	*	*
1044	2011-12-19	11:54:00	2011-12-19	13:54:56	0	0	*	*	*	*	*	*	*
1045	2011-12-19	13:54:00	2011-12-19	13:54:56	270	90	*	*	*	*	*	*	*
1046	2011-12-19	18:54:00	2011-12-19	19:54:56	315	45	*	*	*	*	*	*	*
1047	2011-12-20	02:54:00	2011-12-20	02:54:56	225	135	*	*	*	*	*	*	*
1048	2011-12-20	04:54:00	2011-12-20	04:54:56	90	270	*	*	*	*	*	*	*
1049	2011-12-20	08:54:00	2011-12-20	08:54:56	315	45	*	*	*	*	*	*	*
1050	2011-12-21	03:54:00	2011-12-21	03:54:56	225	135	*	*	*	*	*	*	*
1051	2011-12-21	16:54:00	2011-12-21	16:54:56	315	0	*	*	*	*	*	*	*
1052	2011-12-22	03:54:00	2011-12-22	04:54:56	90	270	*	*	*	*	*	*	*
1053	2011-12-23	03:54:00	2011-12-23	03:54:56	315/225	90	*	*	*	*	*	*	*
1054	2011-12-24	01:54:00	2011-12-24	03:54:56	225	180	*	*	*	*	*	*	*
1055	2011-12-24	02:54:00	2011-12-24	02:54:56	0/45	315	*	*	*	*	*	*	*
1056	2011-12-24	05:54:00	2011-12-24	05:54:56	315	45	*	*	*	*	*	*	*
1057	2011-12-24	13:54:00	2011-12-24	*	45/90	*	*	*	*	*	*	*	*
1058	2011-12-25	01:54:00	2011-12-25	01:54:55	45/90	315	*	*	*	*	*	*	*
1059	2011-12-25	18:54:00	2011-12-25	19:54:55	90	270	*	*	*	*	*	*	*
1060	2011-12-26	03:54:00	2011-12-26	*	90	*	*	*	*	*	*	*	*
1061	2011-12-26	11:54:00	2011-12-26	12:54:55	45/90	270/315	*	*	*	*	*	*	*
1062	2011-12-26	21:54:00	2011-12-26	19:54:55	135	270	*	*	*	*	*	*	*
1063	2011-12-27	05:54:00	2011-12-27	05:54:55	0/135	270/315	*	*	*	*	*	*	*
1064	2011-12-27	10:54:00	2011-12-27	10:54:55	45	315	*	*	*	*	*	*	*
1065	2011-12-27	15:54:00	2011-12-27	18:54:55	90/225	135	*	*	*	*	*	*	*
1066	2011-12-28	20:54:00	2011-12-28	21:54:55	135	225	*	*	*	*	*	*	*
1067	2011-12-29	07:54:00	2011-12-29	04:54:55	45	315	*	*	*	*	*	*	*
1068	2011-12-29	17:54:00	2011-12-29	17:54:55	45	45	*	*	*	*	*	*	*
1069	2011-12-30	06:54:00	2011-12-30	07:54:54	90	270	*	*	*	*	*	*	*
1070	2011-12-30	19:54:00	2011-12-30	19:54:54	315/90	45/270	*	*	*	*	*	*	*
1071	2011-12-31	17:54:00	2011-12-31	19:54:54	90	270	*	*	*	*	*	*	*
